strain_id,contig,start,end,feature,feature_type,pct_identity
L_rhamnosus_GG,NC_013198.1,20496,22070,ISLrh2,insertion_sequence,99.94
L_rhamnosus_GG,NC_013198.1,24153,25716,ISLrh3,insertion_sequence,100.0
L_rhamnosus_GG,NC_013198.1,157063,158639,ISLrh4,insertion_sequence,100.0
L_rhamnosus_GG,NC_013198.1,348582,350156,ISLrh2,insertion_sequence,99.11
L_rhamnosus_GG,NC_013198.1,383741,385315,ISLrh2,insertion_sequence,99.11
L_rhamnosus_GG,NC_013198.1,392168,393742,ISLrh2,insertion_sequence,99.11
L_rhamnosus_GG,NC_013198.1,455852,457426,ISLrh2,insertion_sequence,99.11
L_rhamnosus_GG,NC_013198.1,472949,474523,ISLrh2,insertion_sequence,99.11
L_rhamnosus_GG,NC_013198.1,507577,509140,ISLrh3,insertion_sequence,100.0
L_rhamnosus_GG,NC_013198.1,521172,522746,ISLrh2,insertion_sequence,99.11
L_rhamnosus_GG,NC_013198.1,524923,526497,ISLrh2,insertion_sequence,99.94
L_rhamnosus_GG,NC_013198.1,594624,596200,ISLrh4,insertion_sequence,100.0
L_rhamnosus_GG,NC_013198.1,599537,601111,ISLrh2,insertion_sequence,99.11
L_rhamnosus_GG,NC_013198.1,959426,961002,ISLrh4,insertion_sequence,100.0
L_rhamnosus_GG,NC_013198.1,974036,975612,ISLrh4,insertion_sequence,100.0
L_rhamnosus_GG,NC_013198.1,1043414,1044988,ISLrh2,insertion_sequence,100.0
L_rhamnosus_GG,NC_013198.1,1240787,1242361,ISLrh2,insertion_sequence,99.05
L_rhamnosus_GG,NC_013198.1,1553686,1555260,ISLrh2,insertion_sequence,99.11
L_rhamnosus_GG,NC_013198.1,1593928,1595502,ISLrh2,insertion_sequence,99.05
L_rhamnosus_GG,NC_013198.1,1732426,1734002,ISLrh4,insertion_sequence,100.0
L_rhamnosus_GG,NC_013198.1,1770769,1772343,ISLrh2,insertion_sequence,99.11
L_rhamnosus_GG,NC_013198.1,1877309,1878885,ISLrh4,insertion_sequence,99.75
L_rhamnosus_GG,NC_013198.1,2008209,2009783,ISLrh2,insertion_sequence,99.11
L_rhamnosus_GG,NC_013198.1,2049331,2050905,ISLrh2,insertion_sequence,100.0
L_rhamnosus_GG,NC_013198.1,2083422,2084996,ISLrh2,insertion_sequence,99.11
L_rhamnosus_GG,NC_013198.1,2092956,2094530,ISLrh2,insertion_sequence,100.0
L_rhamnosus_GG,NC_013198.1,2236813,2238387,ISLrh2,insertion_sequence,99.94
L_rhamnosus_GG,NC_013198.1,2736892,2738466,ISLrh2,insertion_sequence,99.11
L_rhamnosus_GG,NC_013198.1,2812734,2814308,ISLrh2,insertion_sequence,99.17
L_acidophilus_NCFM,NC_006814.3,77564,79398,ISLac1,insertion_sequence,93.02
L_acidophilus_NCFM,NC_006814.3,1916500,1918334,ISLac1,insertion_sequence,99.95
L_plantarum_WCFS1,NC_004567.2,198013,199808,ISP2,insertion_sequence,100.0
L_plantarum_WCFS1,NC_004567.2,840450,842245,ISP2,insertion_sequence,100.0
L_plantarum_WCFS1,NC_004567.2,967098,968530,ISP1,insertion_sequence,100.0
L_plantarum_WCFS1,NC_004567.2,1175426,1176858,ISP1,insertion_sequence,100.0
L_plantarum_WCFS1,NC_004567.2,1340761,1342193,ISP1,insertion_sequence,100.0
L_plantarum_WCFS1,NC_004567.2,1403532,1404964,ISP1,insertion_sequence,100.0
L_plantarum_WCFS1,NC_004567.2,1811520,1813315,ISP2,insertion_sequence,98.33
L_plantarum_WCFS1,NC_004567.2,1955088,1956520,ISP1,insertion_sequence,100.0
L_plantarum_WCFS1,NC_004567.2,2333724,2335156,ISP1,insertion_sequence,100.0
L_plantarum_WCFS1,NC_004567.2,2698220,2699652,ISP1,insertion_sequence,100.0
L_plantarum_WCFS1,NC_004567.2,2940107,2941539,ISP1,insertion_sequence,100.0
L_plantarum_WCFS1,NC_004567.2,2963788,2965583,ISP2,insertion_sequence,99.61
L_plantarum_WCFS1,NC_004567.2,3109427,3111222,ISP2,insertion_sequence,100.0
L_plantarum_WCFS1,NC_004567.2,3188480,3189331,ISLpl3,insertion_sequence,100.0
L_casei_BL23,NC_010999.1,48600,50162,ISLca2,insertion_sequence,100.0
L_casei_BL23,NC_010999.1,132555,134117,ISLca2,insertion_sequence,100.0
L_casei_BL23,NC_010999.1,301982,303544,ISLca2,insertion_sequence,100.0
L_casei_BL23,NC_010999.1,340309,341871,ISLca2,insertion_sequence,100.0
L_casei_BL23,NC_010999.1,365196,366758,ISLca2,insertion_sequence,100.0
L_casei_BL23,NC_010999.1,1385486,1386528,ISLpl1,insertion_sequence,99.23
L_casei_BL23,NC_010999.1,2053665,2054707,ISLpl1,insertion_sequence,99.23
L_casei_BL23,NC_010999.1,2064553,2065809,ISL1,insertion_sequence,92.68
L_casei_BL23,NC_010999.1,2068172,2069214,ISLpl1,insertion_sequence,99.23
L_casei_BL23,NC_010999.1,2154097,2155659,ISLca2,insertion_sequence,100.0
L_casei_BL23,NC_010999.1,2161132,2162694,ISLca2,insertion_sequence,100.0
L_casei_BL23,NC_010999.1,2555076,2556118,ISLpl1,insertion_sequence,99.23
L_casei_BL23,NC_010999.1,2575751,2576793,ISLpl1,insertion_sequence,99.23
L_reuteri_DSM20016,CP000705.1,528448,530017,ISLre2,insertion_sequence,100.0
L_reuteri_DSM20016,CP000705.1,816100,817669,ISLre2,insertion_sequence,100.0
B_longum_NCC2705,NC_004307.2,99388,100786,ISBlo4,insertion_sequence,100.0
B_longum_NCC2705,NC_004307.2,361960,363439,ISBlo3,insertion_sequence,99.32
B_longum_NCC2705,NC_004307.2,455848,457213,ISBlo5,insertion_sequence,100.0
B_longum_NCC2705,NC_004307.2,467143,468541,ISBlo4,insertion_sequence,100.0
B_longum_NCC2705,NC_004307.2,623130,624495,ISBlo5,insertion_sequence,100.0
B_longum_NCC2705,NC_004307.2,785195,787197,ISBlo12,insertion_sequence,100.0
B_longum_NCC2705,NC_004307.2,1124869,1127323,ISBlo2,insertion_sequence,99.92
B_longum_NCC2705,NC_004307.2,1149703,1151041,ISBlo10,insertion_sequence,82.0
B_longum_NCC2705,NC_004307.2,1414451,1415930,ISBlo3,insertion_sequence,100.0
B_longum_NCC2705,NC_004307.2,1422433,1423798,ISBlo5,insertion_sequence,100.0
B_longum_NCC2705,NC_004307.2,1439068,1441657,ISBlo1,insertion_sequence,99.73
B_longum_NCC2705,NC_004307.2,1683180,1684545,ISBlo5,insertion_sequence,100.0
B_longum_NCC2705,NC_004307.2,1717529,1720118,ISBlo1,insertion_sequence,99.96
B_longum_NCC2705,NC_004307.2,1737529,1738858,ISBlo6,insertion_sequence,80.83
B_longum_NCC2705,NC_004307.2,1738807,1741396,ISBlo1,insertion_sequence,98.57
B_longum_NCC2705,NC_004307.2,1842260,1844714,ISBlo2,insertion_sequence,100.0
B_longum_NCC2705,NC_004307.2,1942579,1943850,ISBlo7,insertion_sequence,100.0
B_longum_NCC2705,NC_004307.2,2124734,2126141,ISBlo8,insertion_sequence,100.0
B_animalis_lactis_AD011,NC_011835.1,52327,53732,IS2001,insertion_sequence,94.31
B_animalis_lactis_AD011,NC_011835.1,79517,80922,IS2001,insertion_sequence,94.31
B_animalis_lactis_AD011,NC_011835.1,281571,282976,IS2001,insertion_sequence,94.38
B_animalis_lactis_AD011,NC_011835.1,790013,791418,IS2001,insertion_sequence,94.31
B_animalis_lactis_AD011,NC_011835.1,913237,914642,IS2001,insertion_sequence,94.24
B_animalis_lactis_AD011,NC_011835.1,1173925,1175330,IS2001,insertion_sequence,94.31
B_animalis_lactis_AD011,NC_011835.1,1829968,1831101,ISBian1,insertion_sequence,100.0
S_thermophilus_LMG18311,NC_006448.1,16983,17417,ISSpn1,insertion_sequence,80.46
S_thermophilus_LMG18311,NC_006448.1,51395,52626,ISSpn8,insertion_sequence,84.42
S_thermophilus_LMG18311,NC_006448.1,114989,115797,IS1216V,insertion_sequence,97.28
S_thermophilus_LMG18311,NC_006448.1,226436,227667,ISSpn8,insertion_sequence,84.42
S_thermophilus_LMG18311,NC_006448.1,266422,267653,ISSpn8,insertion_sequence,84.5
S_thermophilus_LMG18311,NC_006448.1,318066,319378,IS1191,insertion_sequence,99.31
S_thermophilus_LMG18311,NC_006448.1,383566,384377,ISLmo4,insertion_sequence,99.01
S_thermophilus_LMG18311,NC_006448.1,684774,686005,ISSpn8,insertion_sequence,84.25
S_thermophilus_LMG18311,NC_006448.1,723903,724337,ISSpn1,insertion_sequence,80.69
S_thermophilus_LMG18311,NC_006448.1,742027,743710,ISSth1b,insertion_sequence,99.82
S_thermophilus_LMG18311,NC_006448.1,771035,772347,IS1191,insertion_sequence,98.78
S_thermophilus_LMG18311,NC_006448.1,780905,782217,IS1191,insertion_sequence,98.71
S_thermophilus_LMG18311,NC_006448.1,821058,822741,ISSth1b,insertion_sequence,99.82
S_thermophilus_LMG18311,NC_006448.1,875725,876956,ISSpn8,insertion_sequence,84.5
S_thermophilus_LMG18311,NC_006448.1,928919,930231,IS1191,insertion_sequence,98.86
S_thermophilus_LMG18311,NC_006448.1,934077,935487,IS1193,insertion_sequence,100.0
S_thermophilus_LMG18311,NC_006448.1,957709,959119,IS1193,insertion_sequence,86.75
S_thermophilus_LMG18311,NC_006448.1,989733,991143,IS1193,insertion_sequence,100.0
S_thermophilus_LMG18311,NC_006448.1,1190082,1191765,ISSth1b,insertion_sequence,99.7
S_thermophilus_LMG18311,NC_006448.1,1278444,1279854,IS1193,insertion_sequence,86.53
S_thermophilus_LMG18311,NC_006448.1,1486581,1488264,ISSth1b,insertion_sequence,99.88
S_thermophilus_LMG18311,NC_006448.1,1591617,1592051,ISSpn1,insertion_sequence,80.69
S_thermophilus_LMG18311,NC_006448.1,1596813,1598044,ISSpn8,insertion_sequence,84.5
S_thermophilus_LMG18311,NC_006448.1,1637124,1638807,ISSth1b,insertion_sequence,99.76
S_thermophilus_LMG18311,NC_006448.1,1719245,1720557,IS1191,insertion_sequence,99.01
S_thermophilus_LMG18311,NC_006448.1,1753746,1754977,ISSpn8,insertion_sequence,84.42
S_thermophilus_LMG18311,NC_006448.1,1784847,1786078,ISSpn8,insertion_sequence,84.5
L_lactis_IL1403,NC_002662.1,53860,55104,IS1068,insertion_sequence,99.2
L_lactis_IL1403,NC_002662.1,90998,92221,IS981,insertion_sequence,99.59
L_lactis_IL1403,NC_002662.1,92977,94200,IS981,insertion_sequence,99.43
L_lactis_IL1403,NC_002662.1,137356,138600,IS1068,insertion_sequence,99.2
L_lactis_IL1403,NC_002662.1,138561,140044,ISLla3,insertion_sequence,95.55
L_lactis_IL1403,NC_002662.1,140005,141249,IS1068,insertion_sequence,99.2
L_lactis_IL1403,NC_002662.1,373077,374321,IS1068,insertion_sequence,99.12
L_lactis_IL1403,NC_002662.1,374282,375765,ISLla3,insertion_sequence,97.57
L_lactis_IL1403,NC_002662.1,626521,627765,IS1068,insertion_sequence,99.2
L_lactis_IL1403,NC_002662.1,627727,629210,ISLla3,insertion_sequence,97.84
L_lactis_IL1403,NC_002662.1,639647,640645,IS982C,insertion_sequence,98.8
L_lactis_IL1403,NC_002662.1,650103,651326,IS981,insertion_sequence,91.67
L_lactis_IL1403,NC_002662.1,728076,729299,IS981,insertion_sequence,99.59
L_lactis_IL1403,NC_002662.1,835853,837097,IS1068,insertion_sequence,99.44
L_lactis_IL1403,NC_002662.1,837059,838542,ISLla3,insertion_sequence,95.75
L_lactis_IL1403,NC_002662.1,838504,839748,IS1068,insertion_sequence,99.04
L_lactis_IL1403,NC_002662.1,1216155,1217378,IS981,insertion_sequence,99.1
L_lactis_IL1403,NC_002662.1,1221579,1222802,IS981,insertion_sequence,99.35
L_lactis_IL1403,NC_002662.1,1224747,1226059,IS905,insertion_sequence,99.77
L_lactis_IL1403,NC_002662.1,1275362,1276585,IS981,insertion_sequence,99.26
L_lactis_IL1403,NC_002662.1,1585795,1587018,IS981,insertion_sequence,99.59
L_lactis_IL1403,NC_002662.1,1747096,1748319,IS981,insertion_sequence,99.59
L_lactis_IL1403,NC_002662.1,2102671,2103894,IS981,insertion_sequence,99.59
L_lactis_IL1403,NC_002662.1,2154571,2155815,IS1068,insertion_sequence,99.28
L_lactis_IL1403,NC_002662.1,2155776,2157259,ISLla3,insertion_sequence,97.64
L_lactis_IL1403,NC_002662.1,2214905,2216149,IS1068,insertion_sequence,99.44
L_lactis_IL1403,NC_002662.1,2216110,2217593,ISLla3,insertion_sequence,97.64
L_bulgaricus_ATCC11842,NC_008054.1,694277,695934,ISL4,insertion_sequence,98.25
L_bulgaricus_ATCC11842,NC_008054.1,721743,723400,ISL4,insertion_sequence,98.37
L_bulgaricus_ATCC11842,NC_008054.1,801188,802845,ISL4,insertion_sequence,98.31
L_bulgaricus_ATCC11842,NC_008054.1,1015482,1016975,ISL3,insertion_sequence,99.93
L_bulgaricus_ATCC11842,NC_008054.1,1023382,1025039,ISL4,insertion_sequence,97.95
L_bulgaricus_ATCC11842,NC_008054.1,1124404,1126061,ISL4,insertion_sequence,97.59
L_bulgaricus_ATCC11842,NC_008054.1,1265393,1267050,ISL4,insertion_sequence,98.19
L_bulgaricus_ATCC11842,NC_008054.1,1493360,1495017,ISL4,insertion_sequence,97.89
L_bulgaricus_ATCC11842,NC_008054.1,1516287,1517473,ISLjo1,insertion_sequence,91.24
L_bulgaricus_ATCC11842,NC_008054.1,1534318,1535975,ISL4,insertion_sequence,97.59
L_bulgaricus_ATCC11842,NC_008054.1,1571715,1573372,ISL4,insertion_sequence,97.95
L_bulgaricus_ATCC11842,NC_008054.1,1623222,1624879,ISL4,insertion_sequence,93.18
L_bulgaricus_ATCC11842,NC_008054.1,1653552,1655209,ISL4,insertion_sequence,92.82
L_bulgaricus_ATCC11842,NC_008054.1,1807411,1809068,ISL4,insertion_sequence,97.95
L_johnsonii_NCC533,NC_005362.1,86094,87554,ISLjo2,insertion_sequence,100.0
L_johnsonii_NCC533,NC_005362.1,218801,220261,ISLjo2,insertion_sequence,100.0
L_johnsonii_NCC533,NC_005362.1,308505,309691,ISLjo1,insertion_sequence,100.0
L_johnsonii_NCC533,NC_005362.1,404406,405592,ISLjo1,insertion_sequence,100.0
L_johnsonii_NCC533,NC_005362.1,581694,583794,ISLjo5,insertion_sequence,100.0
L_johnsonii_NCC533,NC_005362.1,669157,670343,ISLjo1,insertion_sequence,100.0
L_johnsonii_NCC533,NC_005362.1,707584,709044,ISLjo2,insertion_sequence,100.0
L_johnsonii_NCC533,NC_005362.1,1233140,1234600,ISLjo2,insertion_sequence,100.0
L_johnsonii_NCC533,NC_005362.1,1473284,1474744,ISLjo2,insertion_sequence,100.0
L_johnsonii_NCC533,NC_005362.1,1610622,1611808,ISLjo1,insertion_sequence,100.0
L_johnsonii_NCC533,NC_005362.1,1719781,1720967,ISLjo1,insertion_sequence,100.0
L_johnsonii_NCC533,NC_005362.1,1744926,1746112,ISLjo1,insertion_sequence,100.0
B_adolescentis_ATCC15703,NC_008618.1,201065,203589,ISBad1,insertion_sequence,100.0
B_adolescentis_ATCC15703,NC_008618.1,1095033,1097557,ISBad1,insertion_sequence,100.0
B_adolescentis_ATCC15703,NC_008618.1,1263728,1265197,ISBad2,insertion_sequence,100.0
B_adolescentis_ATCC15703,NC_008618.1,1729711,1731049,ISBlo10,insertion_sequence,81.78
B_adolescentis_ATCC15703,NC_008618.1,1733738,1736262,ISBad1,insertion_sequence,100.0
B_breve_UCC2003,NC_020517.1,35443,36714,ISBlo7,insertion_sequence,92.45
B_breve_UCC2003,NC_020517.1,300744,302082,ISBlo10,insertion_sequence,84.32
B_infantis_ATCC15697,NC_011593.1,41400,42831,ISBlo11,insertion_sequence,100.0
B_infantis_ATCC15697,NC_011593.1,42831,44196,ISBlo5,insertion_sequence,93.19
B_infantis_ATCC15697,NC_011593.1,568260,569691,ISBlo11,insertion_sequence,100.0
B_infantis_ATCC15697,NC_011593.1,709480,710911,ISBlo11,insertion_sequence,100.0
B_infantis_ATCC15697,NC_011593.1,1177832,1179230,ISBlo4,insertion_sequence,83.99
B_infantis_ATCC15697,NC_011593.1,1183467,1184818,ISBlo17,insertion_sequence,98.52
B_infantis_ATCC15697,NC_011593.1,1351783,1353105,ISBlo16,insertion_sequence,99.7
B_infantis_ATCC15697,NC_011593.1,1363584,1365176,ISBlo15,insertion_sequence,83.36
B_infantis_ATCC15697,NC_011593.1,1408105,1410107,ISBlo12,insertion_sequence,87.77
B_infantis_ATCC15697,NC_011593.1,1812184,1813455,ISBlo7,insertion_sequence,91.67
B_infantis_ATCC15697,NC_011593.1,2083942,2085373,ISBlo11,insertion_sequence,100.0
B_infantis_ATCC15697,NC_011593.1,2108722,2110153,ISBlo11,insertion_sequence,100.0
B_infantis_ATCC15697,NC_011593.1,2304331,2305729,ISBlo4,insertion_sequence,97.64
B_infantis_ATCC15697,NC_011593.1,2417667,2419098,ISBlo11,insertion_sequence,100.0
B_infantis_ATCC15697,NC_011593.1,2597181,2598612,ISBlo11,insertion_sequence,100.0
B_infantis_ATCC15697,NC_011593.1,2725621,2726972,ISBlo17,insertion_sequence,98.45
P_pentosaceus_ATCC25745,NC_008525.1,552296,553338,ISLpl1,insertion_sequence,86.67
P_pentosaceus_ATCC25745,NC_008525.1,567525,568567,ISLpl1,insertion_sequence,95.88
L_mesenteroides_ATCC8293,NC_008531.1,1128751,1129777,IS1070,insertion_sequence,98.05
L_mesenteroides_ATCC8293,NC_008531.1,1131875,1132901,IS1070,insertion_sequence,97.96
L_lactis_cremoris_MG1363,NC_009004.1,46387,48549,IS712,insertion_sequence,99.12
L_lactis_cremoris_MG1363,NC_009004.1,58654,59966,IS905,insertion_sequence,100.0
L_lactis_cremoris_MG1363,NC_009004.1,114350,115594,IS1068,insertion_sequence,99.04
L_lactis_cremoris_MG1363,NC_009004.1,544947,546170,IS981,insertion_sequence,99.67
L_lactis_cremoris_MG1363,NC_009004.1,548107,549419,IS905,insertion_sequence,99.92
L_lactis_cremoris_MG1363,NC_009004.1,600974,602218,IS1068,insertion_sequence,99.12
L_lactis_cremoris_MG1363,NC_009004.1,609248,610501,IS-LL6,insertion_sequence,80.62
L_lactis_cremoris_MG1363,NC_009004.1,610594,611817,IS981,insertion_sequence,99.75
L_lactis_cremoris_MG1363,NC_009004.1,643095,644318,IS981,insertion_sequence,99.67
L_lactis_cremoris_MG1363,NC_009004.1,647167,648411,IS1068,insertion_sequence,98.88
L_lactis_cremoris_MG1363,NC_009004.1,649624,650621,ISLla2,insertion_sequence,100.0
L_lactis_cremoris_MG1363,NC_009004.1,667786,668593,IS1297,insertion_sequence,98.89
L_lactis_cremoris_MG1363,NC_009004.1,672719,674881,IS712,insertion_sequence,100.0
L_lactis_cremoris_MG1363,NC_009004.1,674698,675921,IS981,insertion_sequence,89.38
L_lactis_cremoris_MG1363,NC_009004.1,691418,693023,IS1675,insertion_sequence,100.0
L_lactis_cremoris_MG1363,NC_009004.1,698639,699862,IS981,insertion_sequence,93.55
L_lactis_cremoris_MG1363,NC_009004.1,700974,701781,ISS1X,insertion_sequence,98.76
L_lactis_cremoris_MG1363,NC_009004.1,704760,705983,IS981,insertion_sequence,99.75
L_lactis_cremoris_MG1363,NC_009004.1,716655,717908,IS-LL6,insertion_sequence,80.54
L_lactis_cremoris_MG1363,NC_009004.1,794576,796738,IS712,insertion_sequence,99.17
L_lactis_cremoris_MG1363,NC_009004.1,868016,869239,IS981,insertion_sequence,99.43
L_lactis_cremoris_MG1363,NC_009004.1,954742,956054,IS905,insertion_sequence,99.92
L_lactis_cremoris_MG1363,NC_009004.1,969118,969926,IS1216V,insertion_sequence,98.64
L_lactis_cremoris_MG1363,NC_009004.1,988635,989947,IS905,insertion_sequence,99.92
L_lactis_cremoris_MG1363,NC_009004.1,1004880,1006133,IS-LL6,insertion_sequence,80.7
L_lactis_cremoris_MG1363,NC_009004.1,1031785,1033029,IS1068,insertion_sequence,91.16
L_lactis_cremoris_MG1363,NC_009004.1,1032896,1035058,IS712,insertion_sequence,99.08
L_lactis_cremoris_MG1363,NC_009004.1,1108212,1109524,IS905,insertion_sequence,100.0
L_lactis_cremoris_MG1363,NC_009004.1,1110202,1111425,IS981,insertion_sequence,99.51
L_lactis_cremoris_MG1363,NC_009004.1,1173971,1175283,IS905,insertion_sequence,99.92
L_lactis_cremoris_MG1363,NC_009004.1,1203614,1204837,IS981,insertion_sequence,99.67
L_lactis_cremoris_MG1363,NC_009004.1,1229362,1231524,IS712,insertion_sequence,99.12
L_lactis_cremoris_MG1363,NC_009004.1,1232196,1233419,IS981,insertion_sequence,82.03
L_lactis_cremoris_MG1363,NC_009004.1,1233134,1234387,IS-LL6,insertion_sequence,80.7
L_lactis_cremoris_MG1363,NC_009004.1,1292358,1293670,IS905,insertion_sequence,100.0
L_lactis_cremoris_MG1363,NC_009004.1,1298894,1300206,IS905,insertion_sequence,100.0
L_lactis_cremoris_MG1363,NC_009004.1,1342063,1343286,IS981,insertion_sequence,100.0
L_lactis_cremoris_MG1363,NC_009004.1,1404702,1405925,IS981,insertion_sequence,100.0
L_lactis_cremoris_MG1363,NC_009004.1,1538017,1539261,IS1068,insertion_sequence,98.88
L_lactis_cremoris_MG1363,NC_009004.1,1583930,1586092,IS712,insertion_sequence,99.12
L_lactis_cremoris_MG1363,NC_009004.1,1631609,1632832,IS981,insertion_sequence,99.92
L_lactis_cremoris_MG1363,NC_009004.1,1671370,1672623,IS-LL6,insertion_sequence,80.22
L_lactis_cremoris_MG1363,NC_009004.1,1688129,1689352,IS981,insertion_sequence,99.51
L_lactis_cremoris_MG1363,NC_009004.1,1689397,1690641,IS1068,insertion_sequence,99.12
L_lactis_cremoris_MG1363,NC_009004.1,1822399,1823622,IS981,insertion_sequence,99.43
L_lactis_cremoris_MG1363,NC_009004.1,1859127,1860439,IS905,insertion_sequence,99.92
L_lactis_cremoris_MG1363,NC_009004.1,1871846,1873090,IS1068,insertion_sequence,99.04
L_lactis_cremoris_MG1363,NC_009004.1,1947636,1948889,IS-LL6,insertion_sequence,80.86
L_lactis_cremoris_MG1363,NC_009004.1,2086138,2087450,IS905,insertion_sequence,99.92
L_lactis_cremoris_MG1363,NC_009004.1,2090806,2092968,IS712,insertion_sequence,99.08
L_lactis_cremoris_MG1363,NC_009004.1,2127669,2128981,IS905,insertion_sequence,99.92
L_lactis_cremoris_MG1363,NC_009004.1,2142034,2143278,IS1068,insertion_sequence,99.04
L_lactis_cremoris_MG1363,NC_009004.1,2449651,2450963,IS905,insertion_sequence,100.0
L_fermentum_IFO3956,NC_010610.1,789265,790616,IS1310,insertion_sequence,88.39
L_fermentum_IFO3956,NC_010610.1,1214731,1215755,ISLhe30,insertion_sequence,86.34
L_fermentum_IFO3956,NC_010610.1,1608600,1609779,IS1163,insertion_sequence,82.8
L_fermentum_IFO3956,NC_010610.1,2012331,2013510,IS1163,insertion_sequence,99.32
L_fermentum_IFO3956,NC_010610.1,2030599,2031623,ISLhe30,insertion_sequence,85.76
L_helveticus_DPC4571,NC_010080.1,22093,23554,ISLhe2,insertion_sequence,100.0
L_helveticus_DPC4571,NC_010080.1,33643,35302,ISLhe4,insertion_sequence,100.0
L_helveticus_DPC4571,NC_010080.1,35229,36690,ISLhe2,insertion_sequence,87.89
L_helveticus_DPC4571,NC_010080.1,38564,41170,ISLhe9,insertion_sequence,100.0
L_helveticus_DPC4571,NC_010080.1,97598,98968,IS1201,insertion_sequence,92.63
L_helveticus_DPC4571,NC_010080.1,148418,149838,ISLhe65,insertion_sequence,96.48
L_helveticus_DPC4571,NC_010080.1,150530,151991,ISLhe2,insertion_sequence,89.06
L_helveticus_DPC4571,NC_010080.1,187512,189773,ISLhe66,insertion_sequence,100.0
L_helveticus_DPC4571,NC_010080.1,198921,200388,ISLhe61,insertion_sequence,100.0
L_helveticus_DPC4571,NC_010080.1,212286,214892,ISLhe9,insertion_sequence,100.0
L_helveticus_DPC4571,NC_010080.1,260159,261579,ISLhe65,insertion_sequence,99.86
L_helveticus_DPC4571,NC_010080.1,271250,272620,IS1201,insertion_sequence,83.15
L_helveticus_DPC4571,NC_010080.1,276371,277832,ISLhe2,insertion_sequence,89.19
L_helveticus_DPC4571,NC_010080.1,284258,285678,ISLhe65,insertion_sequence,89.58
L_helveticus_DPC4571,NC_010080.1,342320,343979,ISLhe4,insertion_sequence,99.7
L_helveticus_DPC4571,NC_010080.1,343906,345367,ISLhe2,insertion_sequence,84.95
L_helveticus_DPC4571,NC_010080.1,360598,361559,ISLh1,insertion_sequence,99.17
L_helveticus_DPC4571,NC_010080.1,361690,363110,ISLhe65,insertion_sequence,96.62
L_helveticus_DPC4571,NC_010080.1,376757,378218,ISLhe2,insertion_sequence,89.12
L_helveticus_DPC4571,NC_010080.1,398799,400260,ISLhe2,insertion_sequence,88.85
L_helveticus_DPC4571,NC_010080.1,429327,430924,ISLhe10,insertion_sequence,100.0
L_helveticus_DPC4571,NC_010080.1,431821,432782,ISLh1,insertion_sequence,95.11
L_helveticus_DPC4571,NC_010080.1,432729,434196,ISLhe61,insertion_sequence,82.56
L_helveticus_DPC4571,NC_010080.1,436316,437975,ISLhe4,insertion_sequence,99.7
L_helveticus_DPC4571,NC_010080.1,437902,439363,ISLhe2,insertion_sequence,86.11
L_helveticus_DPC4571,NC_010080.1,496723,498143,ISLhe65,insertion_sequence,85.57
L_helveticus_DPC4571,NC_010080.1,500482,501446,ISLhe7,insertion_sequence,100.0
L_helveticus_DPC4571,NC_010080.1,501476,503074,ISLde1,insertion_sequence,94.81
L_helveticus_DPC4571,NC_010080.1,507612,509457,ISLhe63,insertion_sequence,99.24
L_helveticus_DPC4571,NC_010080.1,595317,596915,ISLhe13,insertion_sequence,100.0
L_helveticus_DPC4571,NC_010080.1,604467,605887,ISLhe65,insertion_sequence,93.6
L_helveticus_DPC4571,NC_010080.1,617602,619063,ISLhe2,insertion_sequence,88.51
L_helveticus_DPC4571,NC_010080.1,646195,647565,IS1201,insertion_sequence,92.56
L_helveticus_DPC4571,NC_010080.1,651231,653492,ISLhe66,insertion_sequence,100.0
L_helveticus_DPC4571,NC_010080.1,653157,654816,ISLhe4,insertion_sequence,84.28
L_helveticus_DPC4571,NC_010080.1,666305,667903,ISLde1,insertion_sequence,96.81
L_helveticus_DPC4571,NC_010080.1,708016,709436,ISLhe65,insertion_sequence,85.64
L_helveticus_DPC4571,NC_010080.1,722784,724629,ISLhe63,insertion_sequence,99.08
L_helveticus_DPC4571,NC_010080.1,748276,749873,ISLhe10,insertion_sequence,100.0
L_helveticus_DPC4571,NC_010080.1,757183,758603,ISLhe65,insertion_sequence,90.22
L_helveticus_DPC4571,NC_010080.1,772457,773877,ISLhe65,insertion_sequence,96.62
L_helveticus_DPC4571,NC_010080.1,778347,780192,ISLhe63,insertion_sequence,99.35
L_helveticus_DPC4571,NC_010080.1,823043,824463,ISLhe65,insertion_sequence,91.98
L_helveticus_DPC4571,NC_010080.1,855914,857375,ISLhe2,insertion_sequence,88.71
L_helveticus_DPC4571,NC_010080.1,864160,865757,ISLhe10,insertion_sequence,99.94
L_helveticus_DPC4571,NC_010080.1,884794,886639,ISLhe63,insertion_sequence,99.4
L_helveticus_DPC4571,NC_010080.1,889311,890908,ISLhe10,insertion_sequence,100.0
L_helveticus_DPC4571,NC_010080.1,909248,910709,ISLhe2,insertion_sequence,89.06
L_helveticus_DPC4571,NC_010080.1,914585,916182,ISLhe10,insertion_sequence,98.62
L_helveticus_DPC4571,NC_010080.1,916191,918036,ISLhe63,insertion_sequence,100.0
L_helveticus_DPC4571,NC_010080.1,931337,933182,ISLhe63,insertion_sequence,99.24
L_helveticus_DPC4571,NC_010080.1,947960,948921,ISLh1,insertion_sequence,99.06
L_helveticus_DPC4571,NC_010080.1,962369,964028,ISLhe4,insertion_sequence,92.89
L_helveticus_DPC4571,NC_010080.1,963976,965437,ISLhe2,insertion_sequence,85.16
L_helveticus_DPC4571,NC_010080.1,969491,971089,ISLde1,insertion_sequence,94.0
L_helveticus_DPC4571,NC_010080.1,997512,999110,ISLde1,insertion_sequence,96.69
L_helveticus_DPC4571,NC_010080.1,1000759,1002129,IS1201,insertion_sequence,82.35
L_helveticus_DPC4571,NC_010080.1,1007154,1008118,ISLhe1,insertion_sequence,85.18
L_helveticus_DPC4571,NC_010080.1,1010601,1012446,ISLhe63,insertion_sequence,99.19
L_helveticus_DPC4571,NC_010080.1,1014281,1015242,ISLh1,insertion_sequence,83.16
L_helveticus_DPC4571,NC_010080.1,1036036,1037881,ISLhe63,insertion_sequence,99.46
L_helveticus_DPC4571,NC_010080.1,1062297,1063258,ISLh1,insertion_sequence,99.06
L_helveticus_DPC4571,NC_010080.1,1069096,1070557,ISLhe2,insertion_sequence,83.79
L_helveticus_DPC4571,NC_010080.1,1072559,1073523,ISLhe5,insertion_sequence,100.0
L_helveticus_DPC4571,NC_010080.1,1101512,1102932,ISLhe65,insertion_sequence,89.8
L_helveticus_DPC4571,NC_010080.1,1132342,1133762,ISLhe65,insertion_sequence,95.29
L_helveticus_DPC4571,NC_010080.1,1165491,1166911,ISLhe65,insertion_sequence,93.6
L_helveticus_DPC4571,NC_010080.1,1170396,1171700,ISLhe6,insertion_sequence,98.77
L_helveticus_DPC4571,NC_010080.1,1180838,1182683,ISLhe63,insertion_sequence,99.46
L_helveticus_DPC4571,NC_010080.1,1219135,1220505,IS1201,insertion_sequence,81.47
L_helveticus_DPC4571,NC_010080.1,1221925,1223295,IS1201,insertion_sequence,88.62
L_helveticus_DPC4571,NC_010080.1,1293311,1294497,ISLjo1,insertion_sequence,93.43
L_helveticus_DPC4571,NC_010080.1,1300363,1301783,ISLhe65,insertion_sequence,96.27
L_helveticus_DPC4571,NC_010080.1,1313222,1314819,ISLhe10,insertion_sequence,100.0
L_helveticus_DPC4571,NC_010080.1,1348399,1349860,ISLhe2,insertion_sequence,87.76
L_helveticus_DPC4571,NC_010080.1,1352812,1354409,ISLhe10,insertion_sequence,100.0
L_helveticus_DPC4571,NC_010080.1,1409012,1411304,ISLhe60,insertion_sequence,100.0
L_helveticus_DPC4571,NC_010080.1,1411966,1413427,ISLhe2,insertion_sequence,88.65
L_helveticus_DPC4571,NC_010080.1,1433320,1434918,ISLde1,insertion_sequence,96.94
L_helveticus_DPC4571,NC_010080.1,1466572,1468033,ISLhe2,insertion_sequence,91.11
L_helveticus_DPC4571,NC_010080.1,1473042,1474003,ISLh1,insertion_sequence,80.87
L_helveticus_DPC4571,NC_010080.1,1480468,1482066,ISLde1,insertion_sequence,96.94
L_helveticus_DPC4571,NC_010080.1,1489220,1490817,ISLhe10,insertion_sequence,80.6
L_helveticus_DPC4571,NC_010080.1,1520368,1521672,ISLhe6,insertion_sequence,100.0
L_helveticus_DPC4571,NC_010080.1,1528300,1529264,ISLhe1,insertion_sequence,100.0
L_helveticus_DPC4571,NC_010080.1,1550128,1551595,ISLhe61,insertion_sequence,99.8
L_helveticus_DPC4571,NC_010080.1,1574122,1576414,ISLhe60,insertion_sequence,99.35
L_helveticus_DPC4571,NC_010080.1,1605047,1606508,ISLhe2,insertion_sequence,88.51
L_helveticus_DPC4571,NC_010080.1,1611420,1612724,ISLhe6,insertion_sequence,99.85
L_helveticus_DPC4571,NC_010080.1,1612870,1614331,ISLhe2,insertion_sequence,89.33
L_helveticus_DPC4571,NC_010080.1,1657420,1658381,ISLh1,insertion_sequence,99.17
L_helveticus_DPC4571,NC_010080.1,1658528,1659898,IS1201,insertion_sequence,91.54
L_helveticus_DPC4571,NC_010080.1,1735509,1736929,ISLhe65,insertion_sequence,82.34
L_helveticus_DPC4571,NC_010080.1,1761119,1762580,ISLhe2,insertion_sequence,84.54
L_helveticus_DPC4571,NC_010080.1,1782990,1785596,ISLhe9,insertion_sequence,100.0
L_helveticus_DPC4571,NC_010080.1,1790690,1792110,ISLhe65,insertion_sequence,81.14
L_helveticus_DPC4571,NC_010080.1,1841304,1843596,ISLhe60,insertion_sequence,99.35
L_helveticus_DPC4571,NC_010080.1,1866078,1867923,ISLhe63,insertion_sequence,98.81
L_helveticus_DPC4571,NC_010080.1,1871709,1873079,IS1201,insertion_sequence,87.53
L_helveticus_DPC4571,NC_010080.1,1879097,1880467,IS1201,insertion_sequence,92.63
L_helveticus_DPC4571,NC_010080.1,1891773,1893234,ISLhe2,insertion_sequence,89.4
L_helveticus_DPC4571,NC_010080.1,1907201,1909493,ISLhe60,insertion_sequence,99.08
L_helveticus_DPC4571,NC_010080.1,1912829,1914290,ISLhe2,insertion_sequence,88.92
L_helveticus_DPC4571,NC_010080.1,1924855,1926452,ISLhe10,insertion_sequence,80.04
L_helveticus_DPC4571,NC_010080.1,1932176,1933637,ISLhe2,insertion_sequence,89.95
L_helveticus_DPC4571,NC_010080.1,1944138,1945376,ISL7,insertion_sequence,89.67
L_helveticus_DPC4571,NC_010080.1,1984928,1986395,ISLhe61,insertion_sequence,82.02
L_helveticus_DPC4571,NC_010080.1,1989852,1990813,ISLh1,insertion_sequence,98.65
L_helveticus_DPC4571,NC_010080.1,2016192,2017612,ISLhe65,insertion_sequence,90.43
L_helveticus_DPC4571,NC_010080.1,2054577,2055997,ISLhe65,insertion_sequence,84.87
L_helveticus_DPC4571,NC_010080.1,2062522,2064120,ISLde1,insertion_sequence,96.94
L_crispatus_ST1,NC_014106.1,119681,121277,ISLcr1,insertion_sequence,99.69
L_crispatus_ST1,NC_014106.1,226318,227914,ISLcr1,insertion_sequence,99.87
L_crispatus_ST1,NC_014106.1,259581,261426,ISLhe63,insertion_sequence,83.8
L_crispatus_ST1,NC_014106.1,287431,289027,ISLcr1,insertion_sequence,100.0
L_crispatus_ST1,NC_014106.1,509956,511801,ISLhe63,insertion_sequence,84.18
L_crispatus_ST1,NC_014106.1,544872,545906,ISLsa1,insertion_sequence,99.81
L_crispatus_ST1,NC_014106.1,925370,926966,ISLcr1,insertion_sequence,99.87
L_crispatus_ST1,NC_014106.1,1395877,1397722,ISLhe63,insertion_sequence,83.8
L_crispatus_ST1,NC_014106.1,1487072,1488668,ISLcr1,insertion_sequence,99.94
L_crispatus_ST1,NC_014106.1,1557854,1559699,ISLhe63,insertion_sequence,83.97
L_sakei_23K,NC_007576.1,135965,136999,ISLsa1,insertion_sequence,100.0
L_sakei_23K,NC_007576.1,139398,140699,IS1520,insertion_sequence,96.39
L_sakei_23K,NC_007576.1,210586,211620,ISLsa1,insertion_sequence,100.0
L_sakei_23K,NC_007576.1,215853,217154,IS1520,insertion_sequence,96.39
L_sakei_23K,NC_007576.1,251344,252645,IS1520,insertion_sequence,96.31
L_sakei_23K,NC_007576.1,256508,257961,ISLsa2,insertion_sequence,100.0
L_sakei_23K,NC_007576.1,490805,492258,ISLsa2,insertion_sequence,93.47
L_sakei_23K,NC_007576.1,888200,889653,ISLsa2,insertion_sequence,93.4
L_sakei_23K,NC_007576.1,1141256,1142290,ISLsa1,insertion_sequence,99.9
L_sakei_23K,NC_007576.1,1165643,1166944,IS1520,insertion_sequence,96.31
L_sakei_23K,NC_007576.1,1264863,1266164,IS1520,insertion_sequence,96.31
L_sakei_23K,NC_007576.1,1839676,1840443,IS1A,insertion_sequence,100.0
E_faecium_Aus0004,NC_017022.1,10671,13015,ISEfa18,insertion_sequence,100.0
E_faecium_Aus0004,NC_017022.1,19185,20600,ISEnfa3,insertion_sequence,99.93
E_faecium_Aus0004,NC_017022.1,20215,21728,ISEfa11,insertion_sequence,81.37
E_faecium_Aus0004,NC_017022.1,44612,45947,ISLgar5,insertion_sequence,99.25
E_faecium_Aus0004,NC_017022.1,151602,152939,ISEf1,insertion_sequence,81.54
E_faecium_Aus0004,NC_017022.1,313343,314680,ISEf1,insertion_sequence,85.87
E_faecium_Aus0004,NC_017022.1,604819,606354,ISEfa7,insertion_sequence,99.93
E_faecium_Aus0004,NC_017022.1,621981,623494,ISEfa11,insertion_sequence,85.14
E_faecium_Aus0004,NC_017022.1,686682,688195,ISEfa11,insertion_sequence,80.98
E_faecium_Aus0004,NC_017022.1,860708,862073,ISEfa8,insertion_sequence,99.49
E_faecium_Aus0004,NC_017022.1,1070254,1071767,ISEfa11,insertion_sequence,81.37
E_faecium_Aus0004,NC_017022.1,1142096,1143609,ISEfa11,insertion_sequence,92.14
E_faecium_Aus0004,NC_017022.1,1173191,1174528,ISEf1,insertion_sequence,99.7
E_faecium_Aus0004,NC_017022.1,1298217,1299554,ISEf1,insertion_sequence,99.78
E_faecium_Aus0004,NC_017022.1,1456711,1458076,ISEfa8,insertion_sequence,99.49
E_faecium_Aus0004,NC_017022.1,1510065,1511578,ISEfa11,insertion_sequence,99.93
E_faecium_Aus0004,NC_017022.1,1543305,1544642,ISEf1,insertion_sequence,84.68
E_faecium_Aus0004,NC_017022.1,1788541,1790076,ISEfa7,insertion_sequence,99.8
E_faecium_Aus0004,NC_017022.1,1803571,1805106,ISEfa7,insertion_sequence,99.8
E_faecium_Aus0004,NC_017022.1,1822539,1823876,ISEf1,insertion_sequence,99.78
E_faecium_Aus0004,NC_017022.1,1845795,1848139,ISEfa18,insertion_sequence,100.0
E_faecium_Aus0004,NC_017022.1,1907637,1909136,IS1476,insertion_sequence,94.13
E_faecium_Aus0004,NC_017022.1,1913488,1914953,IS16,insertion_sequence,100.0
E_faecium_Aus0004,NC_017022.1,1915532,1917045,ISEfa5,insertion_sequence,99.93
E_faecium_Aus0004,NC_017022.1,1920987,1922669,ISSsu5,insertion_sequence,99.82
E_faecium_Aus0004,NC_017022.1,1924302,1925639,ISEf1,insertion_sequence,84.45
E_faecium_Aus0004,NC_017022.1,1925642,1927057,ISEnfa3,insertion_sequence,82.06
E_faecium_Aus0004,NC_017022.1,1940460,1941973,ISEfa11,insertion_sequence,83.22
E_faecium_Aus0004,NC_017022.1,2007162,2008499,ISEf1,insertion_sequence,99.48
E_faecium_Aus0004,NC_017022.1,2008773,2011117,ISEfa18,insertion_sequence,100.0
E_faecium_Aus0004,NC_017022.1,2245270,2246635,IS1485,insertion_sequence,99.93
E_faecium_Aus0004,NC_017022.1,2397739,2399204,IS16,insertion_sequence,100.0
E_faecium_Aus0004,NC_017022.1,2747477,2748942,IS16,insertion_sequence,100.0
E_faecium_Aus0004,NC_017022.1,2764085,2765409,ISEfm2,insertion_sequence,99.62
E_faecium_Aus0004,NC_017022.1,2770879,2772414,ISEfa7,insertion_sequence,99.61
E_faecium_Aus0004,NC_017022.1,2772445,2773769,ISEfm2,insertion_sequence,99.62
E_faecalis_V583,NC_004668.1,129544,130867,IS256,insertion_sequence,100.0
E_faecalis_V583,NC_004668.1,331001,332338,ISEf1,insertion_sequence,100.0
E_faecalis_V583,NC_004668.1,475349,476157,IS1216V,insertion_sequence,98.76
E_faecalis_V583,NC_004668.1,482437,483245,IS1216V,insertion_sequence,98.76
E_faecalis_V583,NC_004668.1,488902,490225,IS256,insertion_sequence,100.0
E_faecalis_V583,NC_004668.1,559407,560744,ISEf1,insertion_sequence,100.0
E_faecalis_V583,NC_004668.1,1802419,1803784,IS1485,insertion_sequence,99.34
E_faecalis_V583,NC_004668.1,1818461,1819796,ISLgar5,insertion_sequence,99.33
E_faecalis_V583,NC_004668.1,2082256,2083593,ISEf1,insertion_sequence,100.0
E_faecalis_V583,NC_004668.1,2101490,2102827,ISEf1,insertion_sequence,100.0
E_faecalis_V583,NC_004668.1,2103059,2104382,IS256,insertion_sequence,100.0
E_faecalis_V583,NC_004668.1,2281895,2283407,ISLmo11,insertion_sequence,83.34
E_faecalis_V583,NC_004668.1,2543905,2545228,IS256,insertion_sequence,100.0
E_faecalis_V583,NC_004668.1,2701277,2702614,ISEf1,insertion_sequence,100.0
E_faecalis_V583,NC_004668.1,2975605,2976928,IS256,insertion_sequence,100.0
E_faecalis_V583,NC_004668.1,3084236,3085559,IS256,insertion_sequence,100.0
K_pneumoniae_HS11286,NC_016845.1,391943,393387,ISKpn1,insertion_sequence,99.65
K_pneumoniae_HS11286,NC_016845.1,586022,587078,IS903B,insertion_sequence,97.07
K_pneumoniae_HS11286,NC_016845.1,594146,595352,IS1400,insertion_sequence,83.68
K_pneumoniae_HS11286,NC_016845.1,902464,903766,ISKpn18,insertion_sequence,100.0
K_pneumoniae_HS11286,NC_016845.1,904024,905080,IS903B,insertion_sequence,97.07
K_pneumoniae_HS11286,NC_016845.1,941068,942512,ISKpn1,insertion_sequence,99.65
K_pneumoniae_HS11286,NC_016845.1,1264201,1264323,MITEEc1,insertion_sequence,84.55
K_pneumoniae_HS11286,NC_016845.1,1313470,1315125,ISEc9,insertion_sequence,99.52
K_pneumoniae_HS11286,NC_016845.1,1315115,1316171,IS903B,insertion_sequence,97.07
K_pneumoniae_HS11286,NC_016845.1,1447823,1449267,ISKpn1,insertion_sequence,99.65
K_pneumoniae_HS11286,NC_016845.1,1518186,1519630,ISKpn1,insertion_sequence,99.65
K_pneumoniae_HS11286,NC_016845.1,2052464,2054119,ISEc9,insertion_sequence,100.0
K_pneumoniae_HS11286,NC_016845.1,2150024,2151468,ISKpn1,insertion_sequence,99.65
K_pneumoniae_HS11286,NC_016845.1,2293841,2296294,ISKpn24,insertion_sequence,100.0
K_pneumoniae_HS11286,NC_016845.1,2560308,2561963,ISEc9,insertion_sequence,100.0
K_pneumoniae_HS11286,NC_016845.1,2680682,2682337,ISEc9,insertion_sequence,100.0
K_pneumoniae_HS11286,NC_016845.1,3115626,3117281,ISEc9,insertion_sequence,100.0
K_pneumoniae_HS11286,NC_016845.1,3248015,3249071,IS903B,insertion_sequence,97.07
K_pneumoniae_HS11286,NC_016845.1,3578506,3579701,ISKpn26,insertion_sequence,100.0
K_pneumoniae_HS11286,NC_016845.1,4090355,4092010,ISEc9,insertion_sequence,100.0
K_pneumoniae_HS11286,NC_016845.1,4130393,4130515,MITEEc1,insertion_sequence,82.93
K_pneumoniae_HS11286,NC_016845.1,4298210,4299266,IS903B,insertion_sequence,97.07
K_pneumoniae_HS11286,NC_016845.1,4513491,4514547,IS903B,insertion_sequence,97.07
K_pneumoniae_HS11286,NC_016845.1,4545343,4545465,MITEEc1,insertion_sequence,84.55
K_pneumoniae_HS11286,NC_016845.1,5077410,5078854,ISKpn1,insertion_sequence,99.65
K_pneumoniae_HS11286,NC_016845.1,5151722,5152778,IS903B,insertion_sequence,97.07
K_pneumoniae_HS11286,NC_016845.1,5169584,5170351,IS1F,insertion_sequence,98.83
K_pneumoniae_MGH78578,NC_009648.1,308207,309402,ISKpn26,insertion_sequence,99.0
K_pneumoniae_MGH78578,NC_009648.1,844903,845670,IS1R,insertion_sequence,100.0
K_pneumoniae_MGH78578,NC_009648.1,1081261,1089414,ISKpn25,insertion_sequence,100.0
K_pneumoniae_MGH78578,NC_009648.1,1511788,1512844,IS903,insertion_sequence,96.69
K_pneumoniae_MGH78578,NC_009648.1,1892102,1894379,ISKpn21,insertion_sequence,100.0
K_pneumoniae_MGH78578,NC_009648.1,1961166,1962361,ISKpn26,insertion_sequence,99.0
K_pneumoniae_MGH78578,NC_009648.1,2266956,2268151,ISKpn26,insertion_sequence,99.0
K_pneumoniae_MGH78578,NC_009648.1,2819940,2821384,ISKpn1,insertion_sequence,99.93
K_pneumoniae_MGH78578,NC_009648.1,3116645,3117412,IS1R,insertion_sequence,100.0
K_pneumoniae_MGH78578,NC_009648.1,3323166,3323288,MITEEc1,insertion_sequence,82.93
K_pneumoniae_MGH78578,NC_009648.1,3652900,3654344,ISKpn1,insertion_sequence,99.65
K_pneumoniae_MGH78578,NC_009648.1,4180068,4181394,IS5075,insertion_sequence,99.62
K_pneumoniae_MGH78578,NC_009648.1,4276414,4277858,ISKpn1,insertion_sequence,99.93
K_pneumoniae_MGH78578,NC_009648.1,4950121,4951565,ISKpn1,insertion_sequence,99.79
E_coli_K12_MG1655,NC_000913.3,15390,16727,IS186B,insertion_sequence,88.04
E_coli_K12_MG1655,NC_000913.3,19796,20563,IS1A,insertion_sequence,100.0
E_coli_K12_MG1655,NC_000913.3,253341,253463,MITEEc1,insertion_sequence,95.93
E_coli_K12_MG1655,NC_000913.3,257908,258675,IS1A,insertion_sequence,100.0
E_coli_K12_MG1655,NC_000913.3,270541,271761,IS30,insertion_sequence,99.75
E_coli_K12_MG1655,NC_000913.3,273955,275149,IS5,insertion_sequence,100.0
E_coli_K12_MG1655,NC_000913.3,279163,279930,IS1B,insertion_sequence,100.0
E_coli_K12_MG1655,NC_000913.3,280804,282032,ISEc19,insertion_sequence,100.0
E_coli_K12_MG1655,NC_000913.3,290634,291401,IS1B,insertion_sequence,100.0
E_coli_K12_MG1655,NC_000913.3,315226,316483,IS3,insertion_sequence,99.76
E_coli_K12_MG1655,NC_000913.3,381260,382590,IS2,insertion_sequence,100.0
E_coli_K12_MG1655,NC_000913.3,391709,392966,IS3,insertion_sequence,100.0
E_coli_K12_MG1655,NC_000913.3,438152,438274,MITEEc1,insertion_sequence,93.5
E_coli_K12_MG1655,NC_000913.3,566777,568034,IS3,insertion_sequence,100.0
E_coli_K12_MG1655,NC_000913.3,574591,575785,IS5,insertion_sequence,100.0
E_coli_K12_MG1655,NC_000913.3,596982,597104,MITEEc1,insertion_sequence,99.19
E_coli_K12_MG1655,NC_000913.3,608010,609347,IS186B,insertion_sequence,88.04
E_coli_K12_MG1655,NC_000913.3,687851,689045,IS5,insertion_sequence,100.0
E_coli_K12_MG1655,NC_000913.3,736681,737971,ISEc1,insertion_sequence,89.78
E_coli_K12_MG1655,NC_000913.3,803324,803446,MITEEc1,insertion_sequence,98.37
E_coli_K12_MG1655,NC_000913.3,1049778,1050545,IS1D,insertion_sequence,100.0
E_coli_K12_MG1655,NC_000913.3,1094245,1095502,IS3,insertion_sequence,100.0
E_coli_K12_MG1655,NC_000913.3,1299499,1300693,IS5,insertion_sequence,100.0
E_coli_K12_MG1655,NC_000913.3,1396044,1397238,IS5,insertion_sequence,100.0
E_coli_K12_MG1655,NC_000913.3,1427599,1428794,ISKpn26,insertion_sequence,99.67
E_coli_K12_MG1655,NC_000913.3,1467910,1469240,IS2,insertion_sequence,100.0
E_coli_K12_MG1655,NC_000913.3,1469296,1470516,IS30,insertion_sequence,100.0
E_coli_K12_MG1655,NC_000913.3,1503161,1504908,IS609,insertion_sequence,97.65
E_coli_K12_MG1655,NC_000913.3,1531672,1532962,ISEc5,insertion_sequence,100.0
E_coli_K12_MG1655,NC_000913.3,1978503,1979270,IS1A,insertion_sequence,100.0
E_coli_K12_MG1655,NC_000913.3,2066159,2067353,IS5,insertion_sequence,99.58
E_coli_K12_MG1655,NC_000913.3,2068941,2070271,IS2,insertion_sequence,100.0
E_coli_K12_MG1655,NC_000913.3,2101749,2102943,IS5,insertion_sequence,100.0
E_coli_K12_MG1655,NC_000913.3,2170171,2171428,IS3,insertion_sequence,100.0
E_coli_K12_MG1655,NC_000913.3,2288919,2290113,IS5,insertion_sequence,100.0
E_coli_K12_MG1655,NC_000913.3,2514276,2515613,IS186B,insertion_sequence,88.04
E_coli_K12_MG1655,NC_000913.3,2996361,2997691,IS2,insertion_sequence,100.0
E_coli_K12_MG1655,NC_000913.3,3071273,3071395,MITEEc1,insertion_sequence,100.0
E_coli_K12_MG1655,NC_000913.3,3130146,3131340,IS5,insertion_sequence,100.0
E_coli_K12_MG1655,NC_000913.3,3186096,3187426,IS2,insertion_sequence,100.0
E_coli_K12_MG1655,NC_000913.3,3365556,3366750,IS5,insertion_sequence,100.0
E_coli_K12_MG1655,NC_000913.3,3583428,3584195,IS1A,insertion_sequence,100.0
E_coli_K12_MG1655,NC_000913.3,3624234,3625524,ISEc1,insertion_sequence,100.0
E_coli_K12_MG1655,NC_000913.3,3652036,3653230,IS5,insertion_sequence,100.0
E_coli_K12_MG1655,NC_000913.3,3720633,3722075,IS150,insertion_sequence,99.79
E_coli_K12_MG1655,NC_000913.3,4498181,4499511,IS2,insertion_sequence,100.0
E_coli_K12_MG1655,NC_000913.3,4502090,4503515,IS4,insertion_sequence,100.0
E_coli_K12_MG1655,NC_000913.3,4507459,4508679,IS30,insertion_sequence,100.0
E_coli_K12_MG1655,NC_000913.3,4518472,4519239,IS1F,insertion_sequence,100.0
E_coli_O157H7_Sakai,NC_002695.2,272509,273799,ISEc1,insertion_sequence,96.05
E_coli_O157H7_Sakai,NC_002695.2,276083,277387,ISEc26,insertion_sequence,100.0
E_coli_O157H7_Sakai,NC_002695.2,291229,291351,MITEEc1,insertion_sequence,96.75
E_coli_O157H7_Sakai,NC_002695.2,345358,347799,ISEc8,insertion_sequence,99.92
E_coli_O157H7_Sakai,NC_002695.2,664592,665882,ISEc1,insertion_sequence,96.98
E_coli_O157H7_Sakai,NC_002695.2,814219,815509,ISEc1,insertion_sequence,97.99
E_coli_O157H7_Sakai,NC_002695.2,887198,887320,MITEEc1,insertion_sequence,99.19
E_coli_O157H7_Sakai,NC_002695.2,1187385,1189826,ISEc8,insertion_sequence,99.92
E_coli_O157H7_Sakai,NC_002695.2,1270503,1271812,IS1203,insertion_sequence,99.31
E_coli_O157H7_Sakai,NC_002695.2,1270503,1271534,IS1203E,insertion_sequence,95.93
E_coli_O157H7_Sakai,NC_002695.2,1382033,1384474,ISEc8,insertion_sequence,99.92
E_coli_O157H7_Sakai,NC_002695.2,1384507,1385770,IS600,insertion_sequence,81.01
E_coli_O157H7_Sakai,NC_002695.2,1401236,1403768,IS682,insertion_sequence,100.0
E_coli_O157H7_Sakai,NC_002695.2,1427827,1428594,IS1F,insertion_sequence,99.61
E_coli_O157H7_Sakai,NC_002695.2,1432039,1433070,IS1203E,insertion_sequence,99.52
E_coli_O157H7_Sakai,NC_002695.2,1432039,1433348,IS1203,insertion_sequence,94.89
E_coli_O157H7_Sakai,NC_002695.2,1586175,1587505,IS2,insertion_sequence,99.47
E_coli_O157H7_Sakai,NC_002695.2,1656937,1659378,ISEc8,insertion_sequence,99.92
E_coli_O157H7_Sakai,NC_002695.2,1663471,1664780,IS1203,insertion_sequence,99.31
E_coli_O157H7_Sakai,NC_002695.2,1663749,1664780,IS1203E,insertion_sequence,95.74
E_coli_O157H7_Sakai,NC_002695.2,1685602,1686911,IS629,insertion_sequence,95.8
E_coli_O157H7_Sakai,NC_002695.2,1685602,1686633,IS1203E,insertion_sequence,93.8
E_coli_O157H7_Sakai,NC_002695.2,1807305,1809746,ISEc8,insertion_sequence,99.96
E_coli_O157H7_Sakai,NC_002695.2,1909304,1910613,IS1203,insertion_sequence,99.31
E_coli_O157H7_Sakai,NC_002695.2,1909304,1910335,IS1203E,insertion_sequence,95.93
E_coli_O157H7_Sakai,NC_002695.2,2051022,2052312,ISEc1,insertion_sequence,80.09
E_coli_O157H7_Sakai,NC_002695.2,2204371,2205680,IS1203,insertion_sequence,99.31
E_coli_O157H7_Sakai,NC_002695.2,2204371,2205402,IS1203E,insertion_sequence,95.93
E_coli_O157H7_Sakai,NC_002695.2,2206654,2209095,ISEc8,insertion_sequence,99.96
E_coli_O157H7_Sakai,NC_002695.2,2454320,2455629,IS629,insertion_sequence,95.19
E_coli_O157H7_Sakai,NC_002695.2,2454598,2455629,IS1203E,insertion_sequence,99.32
E_coli_O157H7_Sakai,NC_002695.2,2603496,2604805,IS1203,insertion_sequence,81.22
E_coli_O157H7_Sakai,NC_002695.2,2603496,2604527,IS1203E,insertion_sequence,80.62
E_coli_O157H7_Sakai,NC_002695.2,2612104,2613324,IS30,insertion_sequence,87.39
E_coli_O157H7_Sakai,NC_002695.2,2693614,2694923,IS1203,insertion_sequence,99.39
E_coli_O157H7_Sakai,NC_002695.2,2693892,2694923,IS1203E,insertion_sequence,95.83
E_coli_O157H7_Sakai,NC_002695.2,2735640,2738081,ISEc8,insertion_sequence,99.96
E_coli_O157H7_Sakai,NC_002695.2,2741957,2743266,IS629,insertion_sequence,95.88
E_coli_O157H7_Sakai,NC_002695.2,2742235,2743266,IS1203E,insertion_sequence,95.93
E_coli_O157H7_Sakai,NC_002695.2,2890911,2892220,IS1203,insertion_sequence,99.31
E_coli_O157H7_Sakai,NC_002695.2,2890911,2891942,IS1203E,insertion_sequence,95.83
E_coli_O157H7_Sakai,NC_002695.2,2912337,2913646,IS1203,insertion_sequence,99.31
E_coli_O157H7_Sakai,NC_002695.2,2912615,2913646,IS1203E,insertion_sequence,95.83
E_coli_O157H7_Sakai,NC_002695.2,3088973,3090282,IS1203,insertion_sequence,99.39
E_coli_O157H7_Sakai,NC_002695.2,3089251,3090282,IS1203E,insertion_sequence,95.83
E_coli_O157H7_Sakai,NC_002695.2,3246119,3247866,IS609,insertion_sequence,97.65
E_coli_O157H7_Sakai,NC_002695.2,3480822,3482131,IS1203,insertion_sequence,99.31
E_coli_O157H7_Sakai,NC_002695.2,3481100,3482131,IS1203E,insertion_sequence,95.93
E_coli_O157H7_Sakai,NC_002695.2,3808876,3808998,MITEEc1,insertion_sequence,100.0
E_coli_O157H7_Sakai,NC_002695.2,3854534,3857242,ISEc83,insertion_sequence,92.95
E_coli_O157H7_Sakai,NC_002695.2,3869460,3870769,IS1203,insertion_sequence,99.31
E_coli_O157H7_Sakai,NC_002695.2,3869460,3870491,IS1203E,insertion_sequence,95.93
E_coli_O157H7_Sakai,NC_002695.2,3870437,3872878,ISEc8,insertion_sequence,89.8
E_coli_O157H7_Sakai,NC_002695.2,4033334,4034643,IS1203,insertion_sequence,99.31
E_coli_O157H7_Sakai,NC_002695.2,4033612,4034643,IS1203E,insertion_sequence,95.93
E_coli_O157H7_Sakai,NC_002695.2,4582431,4583688,ISEc31,insertion_sequence,80.13
E_coli_O157H7_Sakai,NC_002695.2,4586113,4588554,ISEc8,insertion_sequence,99.88
E_coli_O157H7_Sakai,NC_002695.2,4620665,4620787,MITEEc1,insertion_sequence,93.5
E_coli_O157H7_Sakai,NC_002695.2,4933568,4934331,IS1H,insertion_sequence,99.08
E_coli_O157H7_Sakai,NC_002695.2,5281841,5283588,IS609,insertion_sequence,100.0
E_coli_O157H7_Sakai,NC_002695.2,5349396,5350705,IS1203,insertion_sequence,99.39
E_coli_O157H7_Sakai,NC_002695.2,5349674,5350705,IS1203E,insertion_sequence,95.83
S_enterica_LT2,NC_003197.2,1025026,1025735,IS200F,insertion_sequence,100.0
S_enterica_LT2,NC_003197.2,1026087,1027398,ISSen1,insertion_sequence,99.62
S_enterica_LT2,NC_003197.2,1558657,1558779,MITEPlu5,insertion_sequence,82.11
S_enterica_LT2,NC_003197.2,2045624,2046333,IS200F,insertion_sequence,100.0
S_enterica_LT2,NC_003197.2,2579222,2579931,IS200F,insertion_sequence,100.0
S_enterica_LT2,NC_003197.2,2634100,2634222,MITEEc1,insertion_sequence,93.5
S_enterica_LT2,NC_003197.2,2748191,2749481,ISEc42,insertion_sequence,85.82
S_enterica_LT2,NC_003197.2,2906209,2907415,ISEcl10,insertion_sequence,94.45
S_enterica_LT2,NC_003197.2,2910619,2911877,ISSty2,insertion_sequence,100.0
S_enterica_LT2,NC_003197.2,2928025,2928147,MITEEc1,insertion_sequence,93.5
S_enterica_LT2,NC_003197.2,3194216,3194925,IS200F,insertion_sequence,100.0
S_enterica_LT2,NC_003197.2,3635060,3635769,IS200F,insertion_sequence,100.0
S_enterica_LT2,NC_003197.2,4559289,4559998,IS200F,insertion_sequence,100.0
Shigella_flexneri_2a_301,NC_004337.2,18669,19436,IS1F,insertion_sequence,98.96
Shigella_flexneri_2a_301,NC_004337.2,86941,87708,IS1F,insertion_sequence,99.09
Shigella_flexneri_2a_301,NC_004337.2,148131,148898,IS1F,insertion_sequence,99.09
Shigella_flexneri_2a_301,NC_004337.2,221251,222676,IS4,insertion_sequence,99.3
Shigella_flexneri_2a_301,NC_004337.2,235784,237114,IS2,insertion_sequence,99.25
Shigella_flexneri_2a_301,NC_004337.2,263409,264672,IS600,insertion_sequence,99.29
Shigella_flexneri_2a_301,NC_004337.2,265374,266704,IS2,insertion_sequence,97.9
Shigella_flexneri_2a_301,NC_004337.2,266682,267449,IS1F,insertion_sequence,99.09
Shigella_flexneri_2a_301,NC_004337.2,273345,274112,IS1F,insertion_sequence,98.83
Shigella_flexneri_2a_301,NC_004337.2,278322,279089,IS1F,insertion_sequence,98.96
Shigella_flexneri_2a_301,NC_004337.2,307775,308542,IS1F,insertion_sequence,99.09
Shigella_flexneri_2a_301,NC_004337.2,311739,313002,IS600,insertion_sequence,97.15
Shigella_flexneri_2a_301,NC_004337.2,315983,317246,IS600,insertion_sequence,99.29
Shigella_flexneri_2a_301,NC_004337.2,320974,322277,ISSfl9,insertion_sequence,100.0
Shigella_flexneri_2a_301,NC_004337.2,325531,326794,IS600,insertion_sequence,99.37
Shigella_flexneri_2a_301,NC_004337.2,330359,331624,ISSd1,insertion_sequence,92.1
Shigella_flexneri_2a_301,NC_004337.2,378639,379406,IS1F,insertion_sequence,99.09
Shigella_flexneri_2a_301,NC_004337.2,411071,412496,IS4,insertion_sequence,99.37
Shigella_flexneri_2a_301,NC_004337.2,465718,466485,IS1F,insertion_sequence,98.7
Shigella_flexneri_2a_301,NC_004337.2,478714,479481,IS1F,insertion_sequence,99.09
Shigella_flexneri_2a_301,NC_004337.2,494885,496215,IS2,insertion_sequence,98.8
Shigella_flexneri_2a_301,NC_004337.2,503321,504649,IS10L,insertion_sequence,99.25
Shigella_flexneri_2a_301,NC_004337.2,507802,509065,IS600,insertion_sequence,82.59
Shigella_flexneri_2a_301,NC_004337.2,520755,521522,IS1F,insertion_sequence,99.09
Shigella_flexneri_2a_301,NC_004337.2,538619,539868,IS911,insertion_sequence,96.56
Shigella_flexneri_2a_301,NC_004337.2,558151,558918,IS1F,insertion_sequence,98.96
Shigella_flexneri_2a_301,NC_004337.2,622916,623683,IS1F,insertion_sequence,96.74
Shigella_flexneri_2a_301,NC_004337.2,699183,700446,IS600,insertion_sequence,99.21
Shigella_flexneri_2a_301,NC_004337.2,706191,707521,IS2,insertion_sequence,99.25
Shigella_flexneri_2a_301,NC_004337.2,709946,711195,IS911,insertion_sequence,96.56
Shigella_flexneri_2a_301,NC_004337.2,712907,714170,IS600,insertion_sequence,99.29
Shigella_flexneri_2a_301,NC_004337.2,716207,717456,IS911,insertion_sequence,96.64
Shigella_flexneri_2a_301,NC_004337.2,783864,785289,IS4,insertion_sequence,99.3
Shigella_flexneri_2a_301,NC_004337.2,825842,827105,IS600,insertion_sequence,96.28
Shigella_flexneri_2a_301,NC_004337.2,836681,838009,IS10L,insertion_sequence,99.32
Shigella_flexneri_2a_301,NC_004337.2,864208,865538,IS2,insertion_sequence,99.25
Shigella_flexneri_2a_301,NC_004337.2,866622,867389,IS1F,insertion_sequence,98.7
Shigella_flexneri_2a_301,NC_004337.2,901838,903087,IS911,insertion_sequence,96.56
Shigella_flexneri_2a_301,NC_004337.2,903723,904986,IS600,insertion_sequence,93.99
Shigella_flexneri_2a_301,NC_004337.2,911511,912841,IS2,insertion_sequence,99.32
Shigella_flexneri_2a_301,NC_004337.2,914596,915859,IS600,insertion_sequence,99.21
Shigella_flexneri_2a_301,NC_004337.2,916786,918049,IS600,insertion_sequence,98.97
Shigella_flexneri_2a_301,NC_004337.2,926293,926415,MITEEc1,insertion_sequence,99.19
Shigella_flexneri_2a_301,NC_004337.2,931150,932413,IS600,insertion_sequence,99.37
Shigella_flexneri_2a_301,NC_004337.2,942507,943932,IS4,insertion_sequence,99.09
Shigella_flexneri_2a_301,NC_004337.2,964650,966075,IS4,insertion_sequence,99.37
Shigella_flexneri_2a_301,NC_004337.2,980047,981377,IS2,insertion_sequence,99.32
Shigella_flexneri_2a_301,NC_004337.2,985431,986198,IS1F,insertion_sequence,99.09
Shigella_flexneri_2a_301,NC_004337.2,1008623,1009953,IS2,insertion_sequence,85.35
Shigella_flexneri_2a_301,NC_004337.2,1049573,1050340,IS1F,insertion_sequence,98.96
Shigella_flexneri_2a_301,NC_004337.2,1063048,1064875,ISEc37,insertion_sequence,94.69
Shigella_flexneri_2a_301,NC_004337.2,1069482,1070739,ISEc17,insertion_sequence,99.84
Shigella_flexneri_2a_301,NC_004337.2,1076759,1078087,IS10L,insertion_sequence,99.32
Shigella_flexneri_2a_301,NC_004337.2,1080716,1081854,ISSfl11,insertion_sequence,87.27
Shigella_flexneri_2a_301,NC_004337.2,1090940,1092767,ISEc37,insertion_sequence,94.8
Shigella_flexneri_2a_301,NC_004337.2,1095980,1097229,IS911,insertion_sequence,96.48
Shigella_flexneri_2a_301,NC_004337.2,1097702,1099032,IS2,insertion_sequence,99.25
Shigella_flexneri_2a_301,NC_004337.2,1100850,1102113,IS600,insertion_sequence,99.21
Shigella_flexneri_2a_301,NC_004337.2,1207909,1209239,IS2,insertion_sequence,99.4
Shigella_flexneri_2a_301,NC_004337.2,1209810,1211067,IS3,insertion_sequence,99.76
Shigella_flexneri_2a_301,NC_004337.2,1240514,1241842,IS10L,insertion_sequence,99.32
Shigella_flexneri_2a_301,NC_004337.2,1289456,1290881,IS4,insertion_sequence,99.51
Shigella_flexneri_2a_301,NC_004337.2,1295074,1295841,IS1F,insertion_sequence,99.22
Shigella_flexneri_2a_301,NC_004337.2,1305623,1306886,IS600,insertion_sequence,99.21
Shigella_flexneri_2a_301,NC_004337.2,1387005,1388455,ISSfl4,insertion_sequence,99.38
Shigella_flexneri_2a_301,NC_004337.2,1390302,1391565,IS600,insertion_sequence,99.21
Shigella_flexneri_2a_301,NC_004337.2,1392018,1393348,IS2,insertion_sequence,99.4
Shigella_flexneri_2a_301,NC_004337.2,1398499,1399266,IS1F,insertion_sequence,98.83
Shigella_flexneri_2a_301,NC_004337.2,1401109,1402372,IS600,insertion_sequence,99.29
Shigella_flexneri_2a_301,NC_004337.2,1409881,1410648,IS1F,insertion_sequence,98.96
Shigella_flexneri_2a_301,NC_004337.2,1413769,1415032,IS600,insertion_sequence,95.65
Shigella_flexneri_2a_301,NC_004337.2,1417368,1418698,IS2,insertion_sequence,99.25
Shigella_flexneri_2a_301,NC_004337.2,1424266,1425033,IS1F,insertion_sequence,98.96
Shigella_flexneri_2a_301,NC_004337.2,1425745,1427008,IS600,insertion_sequence,99.29
Shigella_flexneri_2a_301,NC_004337.2,1444281,1445048,IS1F,insertion_sequence,98.83
Shigella_flexneri_2a_301,NC_004337.2,1466327,1467590,IS600,insertion_sequence,99.21
Shigella_flexneri_2a_301,NC_004337.2,1474741,1476004,IS600,insertion_sequence,99.37
Shigella_flexneri_2a_301,NC_004337.2,1500239,1501569,IS2,insertion_sequence,99.32
Shigella_flexneri_2a_301,NC_004337.2,1507638,1509063,IS4,insertion_sequence,99.3
Shigella_flexneri_2a_301,NC_004337.2,1526680,1527447,IS1F,insertion_sequence,99.09
Shigella_flexneri_2a_301,NC_004337.2,1533617,1534384,IS1F,insertion_sequence,99.09
Shigella_flexneri_2a_301,NC_004337.2,1542767,1543534,IS1F,insertion_sequence,98.96
Shigella_flexneri_2a_301,NC_004337.2,1568191,1568958,IS1F,insertion_sequence,99.09
Shigella_flexneri_2a_301,NC_004337.2,1574149,1574916,IS1F,insertion_sequence,99.09
Shigella_flexneri_2a_301,NC_004337.2,1582509,1583772,IS600,insertion_sequence,99.21
Shigella_flexneri_2a_301,NC_004337.2,1591523,1592786,IS600,insertion_sequence,99.13
Shigella_flexneri_2a_301,NC_004337.2,1610274,1611604,IS2,insertion_sequence,88.43
Shigella_flexneri_2a_301,NC_004337.2,1632133,1633382,IS911,insertion_sequence,96.56
Shigella_flexneri_2a_301,NC_004337.2,1673373,1674140,IS1F,insertion_sequence,98.96
Shigella_flexneri_2a_301,NC_004337.2,1695091,1696421,IS2,insertion_sequence,99.17
Shigella_flexneri_2a_301,NC_004337.2,1711648,1713395,IS609,insertion_sequence,96.45
Shigella_flexneri_2a_301,NC_004337.2,1735974,1736741,IS1F,insertion_sequence,98.96
Shigella_flexneri_2a_301,NC_004337.2,1741707,1743035,IS10L,insertion_sequence,99.25
Shigella_flexneri_2a_301,NC_004337.2,1758379,1759146,IS1F,insertion_sequence,98.96
Shigella_flexneri_2a_301,NC_004337.2,1766529,1767296,IS1F,insertion_sequence,99.22
Shigella_flexneri_2a_301,NC_004337.2,1769032,1769799,IS1F,insertion_sequence,99.22
Shigella_flexneri_2a_301,NC_004337.2,1780914,1781681,IS1F,insertion_sequence,99.09
Shigella_flexneri_2a_301,NC_004337.2,1791204,1791971,IS1F,insertion_sequence,99.09
Shigella_flexneri_2a_301,NC_004337.2,1795129,1795896,IS1F,insertion_sequence,99.09
Shigella_flexneri_2a_301,NC_004337.2,1802425,1804252,ISEc37,insertion_sequence,95.02
Shigella_flexneri_2a_301,NC_004337.2,1806385,1807715,IS2,insertion_sequence,99.32
Shigella_flexneri_2a_301,NC_004337.2,1815047,1816794,IS609,insertion_sequence,82.84
Shigella_flexneri_2a_301,NC_004337.2,1828287,1829550,IS600,insertion_sequence,99.37
Shigella_flexneri_2a_301,NC_004337.2,1834903,1836152,IS911,insertion_sequence,96.56
Shigella_flexneri_2a_301,NC_004337.2,1842509,1843772,IS600,insertion_sequence,99.13
Shigella_flexneri_2a_301,NC_004337.2,1850049,1850816,IS1F,insertion_sequence,99.22
Shigella_flexneri_2a_301,NC_004337.2,1855987,1856754,IS1F,insertion_sequence,98.96
Shigella_flexneri_2a_301,NC_004337.2,1871218,1872926,ISSbo1,insertion_sequence,84.14
Shigella_flexneri_2a_301,NC_004337.2,1878084,1879333,IS911,insertion_sequence,96.56
Shigella_flexneri_2a_301,NC_004337.2,1914918,1916368,ISSfl4,insertion_sequence,99.66
Shigella_flexneri_2a_301,NC_004337.2,1934762,1936212,ISSfl4,insertion_sequence,99.52
Shigella_flexneri_2a_301,NC_004337.2,1938560,1939825,ISSd1,insertion_sequence,96.68
Shigella_flexneri_2a_301,NC_004337.2,1940278,1941045,IS1R,insertion_sequence,100.0
Shigella_flexneri_2a_301,NC_004337.2,1943950,1945199,IS911,insertion_sequence,96.64
Shigella_flexneri_2a_301,NC_004337.2,1961596,1962845,IS911,insertion_sequence,96.64
Shigella_flexneri_2a_301,NC_004337.2,1963297,1964560,IS600,insertion_sequence,99.29
Shigella_flexneri_2a_301,NC_004337.2,1976680,1977447,IS1F,insertion_sequence,99.09
Shigella_flexneri_2a_301,NC_004337.2,2035070,2036400,IS2,insertion_sequence,99.4
Shigella_flexneri_2a_301,NC_004337.2,2037155,2037922,IS1F,insertion_sequence,99.22
Shigella_flexneri_2a_301,NC_004337.2,2047145,2048473,IS10L,insertion_sequence,99.25
Shigella_flexneri_2a_301,NC_004337.2,2051073,2051840,IS1F,insertion_sequence,99.22
Shigella_flexneri_2a_301,NC_004337.2,2057198,2058461,IS600,insertion_sequence,99.13
Shigella_flexneri_2a_301,NC_004337.2,2069127,2070376,IS911,insertion_sequence,96.56
Shigella_flexneri_2a_301,NC_004337.2,2070867,2072103,ISSfl10,insertion_sequence,99.27
Shigella_flexneri_2a_301,NC_004337.2,2083037,2084300,IS600,insertion_sequence,98.66
Shigella_flexneri_2a_301,NC_004337.2,2095041,2095808,IS1F,insertion_sequence,99.22
Shigella_flexneri_2a_301,NC_004337.2,2134648,2135415,IS1F,insertion_sequence,98.96
Shigella_flexneri_2a_301,NC_004337.2,2149224,2150674,ISSfl4,insertion_sequence,99.59
Shigella_flexneri_2a_301,NC_004337.2,2159575,2161025,ISSfl4,insertion_sequence,99.52
Shigella_flexneri_2a_301,NC_004337.2,2177793,2178560,IS1F,insertion_sequence,98.83
Shigella_flexneri_2a_301,NC_004337.2,2186584,2187912,IS10L,insertion_sequence,99.32
Shigella_flexneri_2a_301,NC_004337.2,2196887,2197654,IS1R,insertion_sequence,100.0
Shigella_flexneri_2a_301,NC_004337.2,2198770,2199537,IS1F,insertion_sequence,98.96
Shigella_flexneri_2a_301,NC_004337.2,2203728,2204991,IS600,insertion_sequence,99.21
Shigella_flexneri_2a_301,NC_004337.2,2205551,2206318,IS1F,insertion_sequence,99.09
Shigella_flexneri_2a_301,NC_004337.2,2220634,2221401,IS1F,insertion_sequence,91.41
Shigella_flexneri_2a_301,NC_004337.2,2222104,2222871,IS1F,insertion_sequence,99.09
Shigella_flexneri_2a_301,NC_004337.2,2225774,2227199,IS4,insertion_sequence,81.35
Shigella_flexneri_2a_301,NC_004337.2,2229871,2231199,IS10L,insertion_sequence,99.25
Shigella_flexneri_2a_301,NC_004337.2,2235234,2236001,IS1F,insertion_sequence,99.09
Shigella_flexneri_2a_301,NC_004337.2,2287446,2288213,IS1F,insertion_sequence,98.83
Shigella_flexneri_2a_301,NC_004337.2,2346249,2347498,IS911,insertion_sequence,96.48
Shigella_flexneri_2a_301,NC_004337.2,2359428,2360758,IS2,insertion_sequence,96.99
Shigella_flexneri_2a_301,NC_004337.2,2395635,2396402,IS1F,insertion_sequence,98.83
Shigella_flexneri_2a_301,NC_004337.2,2464082,2464849,IS1F,insertion_sequence,99.09
Shigella_flexneri_2a_301,NC_004337.2,2472012,2473340,IS10L,insertion_sequence,99.32
Shigella_flexneri_2a_301,NC_004337.2,2477302,2478551,IS911,insertion_sequence,96.72
Shigella_flexneri_2a_301,NC_004337.2,2560397,2561162,ISEc30,insertion_sequence,98.69
Shigella_flexneri_2a_301,NC_004337.2,2615989,2617252,IS600,insertion_sequence,99.29
Shigella_flexneri_2a_301,NC_004337.2,2690779,2692109,IS2,insertion_sequence,99.17
Shigella_flexneri_2a_301,NC_004337.2,2694303,2695566,IS600,insertion_sequence,99.13
Shigella_flexneri_2a_301,NC_004337.2,2734132,2735557,IS4,insertion_sequence,99.23
Shigella_flexneri_2a_301,NC_004337.2,2756085,2756852,IS1F,insertion_sequence,99.22
Shigella_flexneri_2a_301,NC_004337.2,2756891,2758148,ISEc17,insertion_sequence,99.52
Shigella_flexneri_2a_301,NC_004337.2,2769676,2771006,IS2,insertion_sequence,99.17
Shigella_flexneri_2a_301,NC_004337.2,2825202,2825969,IS1F,insertion_sequence,99.22
Shigella_flexneri_2a_301,NC_004337.2,2831677,2832940,IS600,insertion_sequence,99.21
Shigella_flexneri_2a_301,NC_004337.2,2862840,2863607,IS1F,insertion_sequence,99.09
Shigella_flexneri_2a_301,NC_004337.2,2864641,2865408,IS1F,insertion_sequence,98.96
Shigella_flexneri_2a_301,NC_004337.2,2886689,2888114,IS4,insertion_sequence,99.37
Shigella_flexneri_2a_301,NC_004337.2,2948006,2949263,ISEc17,insertion_sequence,99.84
Shigella_flexneri_2a_301,NC_004337.2,2963247,2964577,IS2,insertion_sequence,99.32
Shigella_flexneri_2a_301,NC_004337.2,3005365,3005487,MITEEc1,insertion_sequence,98.37
Shigella_flexneri_2a_301,NC_004337.2,3014634,3015401,IS1F,insertion_sequence,99.09
Shigella_flexneri_2a_301,NC_004337.2,3021465,3022232,IS1F,insertion_sequence,98.83
Shigella_flexneri_2a_301,NC_004337.2,3038530,3039297,IS1F,insertion_sequence,99.22
Shigella_flexneri_2a_301,NC_004337.2,3077704,3079032,IS10L,insertion_sequence,99.32
Shigella_flexneri_2a_301,NC_004337.2,3099615,3100943,IS10L,insertion_sequence,99.17
Shigella_flexneri_2a_301,NC_004337.2,3101817,3103074,ISEc17,insertion_sequence,99.6
Shigella_flexneri_2a_301,NC_004337.2,3178429,3179759,IS2,insertion_sequence,95.87
Shigella_flexneri_2a_301,NC_004337.2,3179690,3180457,IS1F,insertion_sequence,99.09
Shigella_flexneri_2a_301,NC_004337.2,3181581,3182348,IS1F,insertion_sequence,90.1
Shigella_flexneri_2a_301,NC_004337.2,3203997,3205422,IS4,insertion_sequence,99.3
Shigella_flexneri_2a_301,NC_004337.2,3237769,3238536,IS1F,insertion_sequence,99.09
Shigella_flexneri_2a_301,NC_004337.2,3273771,3274538,IS1F,insertion_sequence,99.22
Shigella_flexneri_2a_301,NC_004337.2,3277612,3278379,IS1F,insertion_sequence,98.83
Shigella_flexneri_2a_301,NC_004337.2,3281409,3282739,IS2,insertion_sequence,97.97
Shigella_flexneri_2a_301,NC_004337.2,3353455,3354718,IS600,insertion_sequence,99.05
Shigella_flexneri_2a_301,NC_004337.2,3360968,3361735,IS1F,insertion_sequence,98.7
Shigella_flexneri_2a_301,NC_004337.2,3361968,3362735,IS1F,insertion_sequence,99.09
Shigella_flexneri_2a_301,NC_004337.2,3400371,3401138,IS1F,insertion_sequence,98.96
Shigella_flexneri_2a_301,NC_004337.2,3402958,3403725,IS1F,insertion_sequence,99.09
Shigella_flexneri_2a_301,NC_004337.2,3513306,3514636,IS2,insertion_sequence,99.47
Shigella_flexneri_2a_301,NC_004337.2,3535323,3536748,IS4,insertion_sequence,99.51
Shigella_flexneri_2a_301,NC_004337.2,3558216,3559544,IS10L,insertion_sequence,99.25
Shigella_flexneri_2a_301,NC_004337.2,3604734,3606064,IS2,insertion_sequence,99.25
Shigella_flexneri_2a_301,NC_004337.2,3608508,3609275,IS1F,insertion_sequence,98.7
Shigella_flexneri_2a_301,NC_004337.2,3611095,3611862,IS1F,insertion_sequence,99.22
Shigella_flexneri_2a_301,NC_004337.2,3624234,3625001,IS1F,insertion_sequence,99.09
Shigella_flexneri_2a_301,NC_004337.2,3627228,3627995,IS1F,insertion_sequence,98.96
Shigella_flexneri_2a_301,NC_004337.2,3637331,3638098,IS1F,insertion_sequence,98.96
Shigella_flexneri_2a_301,NC_004337.2,3640023,3641448,IS4,insertion_sequence,81.28
Shigella_flexneri_2a_301,NC_004337.2,3665161,3665928,IS1F,insertion_sequence,99.09
Shigella_flexneri_2a_301,NC_004337.2,3691740,3693182,IS150,insertion_sequence,95.29
Shigella_flexneri_2a_301,NC_004337.2,3693108,3693875,IS1F,insertion_sequence,98.96
Shigella_flexneri_2a_301,NC_004337.2,3703180,3703947,IS1F,insertion_sequence,99.09
Shigella_flexneri_2a_301,NC_004337.2,3725464,3726231,IS1F,insertion_sequence,99.09
Shigella_flexneri_2a_301,NC_004337.2,3727821,3728588,IS1F,insertion_sequence,98.96
Shigella_flexneri_2a_301,NC_004337.2,3743023,3743790,IS1F,insertion_sequence,99.22
Shigella_flexneri_2a_301,NC_004337.2,3761849,3762616,IS1F,insertion_sequence,98.96
Shigella_flexneri_2a_301,NC_004337.2,3777967,3778734,IS1F,insertion_sequence,98.83
Shigella_flexneri_2a_301,NC_004337.2,3814544,3815874,IS2,insertion_sequence,99.17
Shigella_flexneri_2a_301,NC_004337.2,3818006,3818773,IS1F,insertion_sequence,98.05
Shigella_flexneri_2a_301,NC_004337.2,3830437,3831767,IS2,insertion_sequence,99.32
Shigella_flexneri_2a_301,NC_004337.2,3834487,3835254,IS1F,insertion_sequence,98.96
Shigella_flexneri_2a_301,NC_004337.2,3845200,3845967,IS1F,insertion_sequence,98.96
Shigella_flexneri_2a_301,NC_004337.2,3857305,3858568,IS600,insertion_sequence,98.97
Shigella_flexneri_2a_301,NC_004337.2,3863599,3864366,IS1F,insertion_sequence,98.96
Shigella_flexneri_2a_301,NC_004337.2,3911405,3912668,IS600,insertion_sequence,99.13
Shigella_flexneri_2a_301,NC_004337.2,3914710,3916040,IS2,insertion_sequence,99.1
Shigella_flexneri_2a_301,NC_004337.2,3917646,3919071,IS4,insertion_sequence,99.23
Shigella_flexneri_2a_301,NC_004337.2,3938450,3939875,IS4,insertion_sequence,99.37
Shigella_flexneri_2a_301,NC_004337.2,3942834,3943601,IS1F,insertion_sequence,98.96
Shigella_flexneri_2a_301,NC_004337.2,3992915,3994245,IS2,insertion_sequence,99.47
Shigella_flexneri_2a_301,NC_004337.2,4002899,4003666,IS1F,insertion_sequence,99.09
Shigella_flexneri_2a_301,NC_004337.2,4012438,4013863,IS4,insertion_sequence,99.16
Shigella_flexneri_2a_301,NC_004337.2,4075854,4076621,IS1F,insertion_sequence,98.96
Shigella_flexneri_2a_301,NC_004337.2,4091609,4092376,IS1F,insertion_sequence,98.96
Shigella_flexneri_2a_301,NC_004337.2,4102315,4103082,IS1F,insertion_sequence,98.96
Shigella_flexneri_2a_301,NC_004337.2,4116339,4117669,IS2,insertion_sequence,99.25
Shigella_flexneri_2a_301,NC_004337.2,4173096,4174521,IS4,insertion_sequence,99.37
Shigella_flexneri_2a_301,NC_004337.2,4176563,4177330,IS1F,insertion_sequence,99.22
Shigella_flexneri_2a_301,NC_004337.2,4255239,4256569,IS2,insertion_sequence,99.25
Shigella_flexneri_2a_301,NC_004337.2,4284980,4285747,IS1F,insertion_sequence,98.57
Shigella_flexneri_2a_301,NC_004337.2,4314237,4315004,IS1F,insertion_sequence,99.22
Shigella_flexneri_2a_301,NC_004337.2,4360624,4361954,IS2,insertion_sequence,98.5
Shigella_flexneri_2a_301,NC_004337.2,4366935,4367702,IS1F,insertion_sequence,98.96
Shigella_flexneri_2a_301,NC_004337.2,4378759,4379526,IS1F,insertion_sequence,98.96
Shigella_flexneri_2a_301,NC_004337.2,4389055,4389822,IS1F,insertion_sequence,98.83
Shigella_flexneri_2a_301,NC_004337.2,4392649,4393416,IS1F,insertion_sequence,98.7
Shigella_flexneri_2a_301,NC_004337.2,4393522,4394771,IS911,insertion_sequence,96.64
Shigella_flexneri_2a_301,NC_004337.2,4410188,4410955,IS1F,insertion_sequence,99.09
Shigella_flexneri_2a_301,NC_004337.2,4432481,4433906,IS4,insertion_sequence,99.09
Shigella_flexneri_2a_301,NC_004337.2,4462254,4463021,IS1F,insertion_sequence,99.22
Shigella_flexneri_2a_301,NC_004337.2,4465055,4465822,IS1F,insertion_sequence,98.83
Shigella_flexneri_2a_301,NC_004337.2,4477984,4478751,IS1F,insertion_sequence,99.22
Shigella_flexneri_2a_301,NC_004337.2,4488392,4489159,IS1F,insertion_sequence,99.09
Shigella_flexneri_2a_301,NC_004337.2,4514870,4515637,IS1F,insertion_sequence,98.96
Shigella_flexneri_2a_301,NC_004337.2,4519060,4519827,IS1F,insertion_sequence,99.09
Shigella_flexneri_2a_301,NC_004337.2,4532446,4533709,IS600,insertion_sequence,98.89
Shigella_flexneri_2a_301,NC_004337.2,4540510,4541277,IS1F,insertion_sequence,99.09
Shigella_flexneri_2a_301,NC_004337.2,4569723,4570490,IS1F,insertion_sequence,99.22
Enterobacter_cloacae_ATCC13047,NC_014121.1,67332,68388,IS903B,insertion_sequence,96.88
Enterobacter_cloacae_ATCC13047,NC_014121.1,160725,161945,ISSen4,insertion_sequence,99.84
Enterobacter_cloacae_ATCC13047,NC_014121.1,187215,187337,MITEEc1,insertion_sequence,91.87
Enterobacter_cloacae_ATCC13047,NC_014121.1,409739,410933,IS5,insertion_sequence,99.41
Enterobacter_cloacae_ATCC13047,NC_014121.1,412267,413487,ISSen4,insertion_sequence,99.84
Enterobacter_cloacae_ATCC13047,NC_014121.1,472188,473445,ISCfr6,insertion_sequence,96.9
Enterobacter_cloacae_ATCC13047,NC_014121.1,500653,501709,IS903B,insertion_sequence,96.88
Enterobacter_cloacae_ATCC13047,NC_014121.1,513647,514982,ISEcl1,insertion_sequence,93.71
Enterobacter_cloacae_ATCC13047,NC_014121.1,515480,516729,ISEc52,insertion_sequence,89.84
Enterobacter_cloacae_ATCC13047,NC_014121.1,535483,536539,IS903B,insertion_sequence,96.88
Enterobacter_cloacae_ATCC13047,NC_014121.1,682215,683435,ISSen4,insertion_sequence,81.49
Enterobacter_cloacae_ATCC13047,NC_014121.1,1052703,1053759,IS903B,insertion_sequence,96.88
Enterobacter_cloacae_ATCC13047,NC_014121.1,1102740,1103796,IS903B,insertion_sequence,96.88
Enterobacter_cloacae_ATCC13047,NC_014121.1,1147596,1148931,ISEcl1,insertion_sequence,97.9
Enterobacter_cloacae_ATCC13047,NC_014121.1,1410796,1411852,IS903B,insertion_sequence,96.88
Enterobacter_cloacae_ATCC13047,NC_014121.1,1579414,1580470,IS903B,insertion_sequence,96.88
Enterobacter_cloacae_ATCC13047,NC_014121.1,1584398,1585454,IS903B,insertion_sequence,96.88
Enterobacter_cloacae_ATCC13047,NC_014121.1,1603111,1604167,IS903B,insertion_sequence,96.88
Enterobacter_cloacae_ATCC13047,NC_014121.1,1714894,1716229,ISEcl1,insertion_sequence,97.9
Enterobacter_cloacae_ATCC13047,NC_014121.1,1778383,1779439,IS903B,insertion_sequence,98.58
Enterobacter_cloacae_ATCC13047,NC_014121.1,1840135,1841191,IS903B,insertion_sequence,96.88
Enterobacter_cloacae_ATCC13047,NC_014121.1,2098840,2100175,ISEcl1,insertion_sequence,97.75
Enterobacter_cloacae_ATCC13047,NC_014121.1,2179881,2181101,ISSen4,insertion_sequence,99.92
Enterobacter_cloacae_ATCC13047,NC_014121.1,2337647,2338896,ISEc52,insertion_sequence,95.52
Enterobacter_cloacae_ATCC13047,NC_014121.1,2354852,2355908,IS903B,insertion_sequence,96.88
Enterobacter_cloacae_ATCC13047,NC_014121.1,2522471,2523691,ISSen4,insertion_sequence,99.84
Enterobacter_cloacae_ATCC13047,NC_014121.1,2556547,2557872,IS4321R,insertion_sequence,98.72
Enterobacter_cloacae_ATCC13047,NC_014121.1,2630791,2632011,ISSen4,insertion_sequence,99.92
Enterobacter_cloacae_ATCC13047,NC_014121.1,2751171,2752391,ISSen4,insertion_sequence,99.92
Enterobacter_cloacae_ATCC13047,NC_014121.1,2887008,2888257,ISEc52,insertion_sequence,95.52
Enterobacter_cloacae_ATCC13047,NC_014121.1,3194911,3195967,IS903B,insertion_sequence,96.88
Enterobacter_cloacae_ATCC13047,NC_014121.1,3271837,3273172,ISEcl1,insertion_sequence,97.9
Enterobacter_cloacae_ATCC13047,NC_014121.1,3277112,3278361,ISEc52,insertion_sequence,95.52
Enterobacter_cloacae_ATCC13047,NC_014121.1,3322096,3322218,MITEEc1,insertion_sequence,91.06
Enterobacter_cloacae_ATCC13047,NC_014121.1,3491868,3493088,ISSen4,insertion_sequence,99.92
Enterobacter_cloacae_ATCC13047,NC_014121.1,3557646,3558413,IS1X4,insertion_sequence,97.01
Enterobacter_cloacae_ATCC13047,NC_014121.1,3558527,3559747,ISSen4,insertion_sequence,99.92
Enterobacter_cloacae_ATCC13047,NC_014121.1,3561753,3563088,ISEcl1,insertion_sequence,97.9
Enterobacter_cloacae_ATCC13047,NC_014121.1,3665802,3667051,ISEc52,insertion_sequence,95.6
Enterobacter_cloacae_ATCC13047,NC_014121.1,3774168,3774935,IS1F,insertion_sequence,91.8
Enterobacter_cloacae_ATCC13047,NC_014121.1,3783694,3784914,ISSen4,insertion_sequence,99.84
Enterobacter_cloacae_ATCC13047,NC_014121.1,3899980,3901200,ISSen4,insertion_sequence,99.84
Enterobacter_cloacae_ATCC13047,NC_014121.1,3903875,3904851,ISVsa3,insertion_sequence,100.0
Enterobacter_cloacae_ATCC13047,NC_014121.1,3906717,3908042,IS4321R,insertion_sequence,98.72
Enterobacter_cloacae_ATCC13047,NC_014121.1,4316427,4317762,ISEcl1,insertion_sequence,87.5
Enterobacter_cloacae_ATCC13047,NC_014121.1,4322135,4323384,ISEc52,insertion_sequence,95.52
Enterobacter_cloacae_ATCC13047,NC_014121.1,4590979,4592035,IS903B,insertion_sequence,94.7
Enterobacter_cloacae_ATCC13047,NC_014121.1,5000709,5002044,ISEcl1,insertion_sequence,97.9
Enterobacter_cloacae_ATCC13047,NC_014121.1,5009214,5010270,IS903B,insertion_sequence,96.88
Enterobacter_cloacae_ATCC13047,NC_014121.1,5146748,5148083,ISEcl1,insertion_sequence,97.9
C_perfringens_str13,NC_003366.1,1078022,1079676,ISCpe4,insertion_sequence,80.18
C_perfringens_str13,NC_003366.1,2169119,2170951,ISCpe2,insertion_sequence,96.4
S_aureus_NCTC8325,NC_007795.1,757479,758673,IS5,insertion_sequence,100.0
S_aureus_NCTC8325,NC_007795.1,1820740,1821479,ISSep3,insertion_sequence,86.08
S_aureus_NCTC8325,NC_007795.1,1897210,1898722,IS1181,insertion_sequence,99.87
S_aureus_NCTC8325,NC_007795.1,2237165,2238677,IS1181,insertion_sequence,99.8
S_aureus_N315,NC_002745.2,36376,37165,IS431mec,insertion_sequence,100.0
S_aureus_N315,NC_002745.2,41722,42511,IS431mec,insertion_sequence,100.0
S_aureus_N315,NC_002745.2,70170,71430,ISSau4,insertion_sequence,100.0
S_aureus_N315,NC_002745.2,426561,428073,IS1181,insertion_sequence,97.42
S_aureus_N315,NC_002745.2,678226,679738,IS1181,insertion_sequence,97.36
S_aureus_N315,NC_002745.2,893787,895299,IS1181,insertion_sequence,97.42
S_aureus_N315,NC_002745.2,1138965,1140477,IS1181,insertion_sequence,97.42
S_aureus_N315,NC_002745.2,1761595,1763107,IS1181,insertion_sequence,97.42
S_aureus_N315,NC_002745.2,1914687,1916199,IS1181,insertion_sequence,97.42
S_aureus_N315,NC_002745.2,2134340,2135852,IS1181,insertion_sequence,97.42
S_aureus_N315,NC_002745.2,2566721,2568233,IS1181,insertion_sequence,97.36
S_aureus_Mu50,NC_002758.2,36377,37166,IS431mec,insertion_sequence,100.0
S_aureus_Mu50,NC_002758.2,41723,42512,IS431mec,insertion_sequence,100.0
S_aureus_Mu50,NC_002758.2,70131,71391,ISSau4,insertion_sequence,100.0
S_aureus_Mu50,NC_002758.2,426518,428030,IS1181,insertion_sequence,97.42
S_aureus_Mu50,NC_002758.2,460182,461517,ISLgar5,insertion_sequence,99.25
S_aureus_Mu50,NC_002758.2,702475,703987,IS1181,insertion_sequence,97.36
S_aureus_Mu50,NC_002758.2,970071,971583,IS1181,insertion_sequence,97.42
S_aureus_Mu50,NC_002758.2,1215293,1216805,IS1181,insertion_sequence,97.42
S_aureus_Mu50,NC_002758.2,1813518,1815030,IS1181,insertion_sequence,97.42
S_aureus_Mu50,NC_002758.2,1839509,1841021,IS1181,insertion_sequence,97.42
S_aureus_Mu50,NC_002758.2,1992482,1993994,IS1181,insertion_sequence,97.42
S_aureus_Mu50,NC_002758.2,2210772,2212284,IS1181,insertion_sequence,97.42
S_aureus_Mu50,NC_002758.2,2505273,2506785,IS1181,insertion_sequence,97.42
S_aureus_Mu50,NC_002758.2,2637147,2638659,IS1181,insertion_sequence,97.36
L_monocytogenes_EGDe,NC_003210.1,356504,357731,ISLmo1,insertion_sequence,100.0
L_monocytogenes_EGDe,NC_003210.1,854380,855607,ISLmo1,insertion_sequence,100.0
S_agalactiae_2603VR,NC_004116.1,215153,216468,IS1548,insertion_sequence,99.92
S_agalactiae_2603VR,NC_004116.1,463323,464635,ISSag11,insertion_sequence,99.54
S_agalactiae_2603VR,NC_004116.1,627984,629242,ISSag5,insertion_sequence,100.0
S_agalactiae_2603VR,NC_004116.1,683303,684618,IS1548,insertion_sequence,99.92
S_agalactiae_2603VR,NC_004116.1,754583,755898,IS1548,insertion_sequence,99.85
S_agalactiae_2603VR,NC_004116.1,952198,953513,IS1548,insertion_sequence,99.85
S_agalactiae_2603VR,NC_004116.1,1076773,1078214,IS861,insertion_sequence,90.43
S_agalactiae_2603VR,NC_004116.1,1238006,1239225,ISSag2,insertion_sequence,99.75
S_agalactiae_2603VR,NC_004116.1,1253933,1255152,ISSag2,insertion_sequence,99.59
S_agalactiae_2603VR,NC_004116.1,1533539,1535076,ISSag9,insertion_sequence,100.0
S_agalactiae_2603VR,NC_004116.1,1539342,1540783,IS861,insertion_sequence,90.36
S_agalactiae_2603VR,NC_004116.1,1589005,1590320,IS1548,insertion_sequence,99.92
S_agalactiae_2603VR,NC_004116.1,1620806,1622121,IS1548,insertion_sequence,99.92
S_agalactiae_2603VR,NC_004116.1,1787402,1788939,ISSag9,insertion_sequence,100.0
P_aeruginosa_PAO1,NC_002516.2,288335,289657,ISPa57,insertion_sequence,84.73
P_aeruginosa_PAO1,NC_002516.2,499829,501200,ISPa11,insertion_sequence,100.0
P_aeruginosa_PAO1,NC_002516.2,1061199,1062434,IS222,insertion_sequence,99.92
P_aeruginosa_PAO1,NC_002516.2,1068125,1069360,ISPa32,insertion_sequence,100.0
P_aeruginosa_PAO1,NC_002516.2,1243522,1244556,ISPa1,insertion_sequence,83.67
P_aeruginosa_PAO1,NC_002516.2,1481163,1482826,ISPa22,insertion_sequence,100.0
P_aeruginosa_PAO1,NC_002516.2,2118520,2119755,IS222,insertion_sequence,97.49
P_aeruginosa_PAO1,NC_002516.2,2556868,2558239,ISPa11,insertion_sequence,100.0
P_aeruginosa_PAO1,NC_002516.2,3043475,3044846,ISPa11,insertion_sequence,100.0
P_aeruginosa_PAO1,NC_002516.2,3841999,3843370,ISPa11,insertion_sequence,100.0
P_aeruginosa_PAO1,NC_002516.2,4473543,4474914,ISPa11,insertion_sequence,100.0
P_aeruginosa_PAO1,NC_002516.2,5382521,5383892,ISPa11,insertion_sequence,100.0
A_baumannii_ATCC17978,NC_009085.1,230943,232043,ISAba11,insertion_sequence,100.0
A_baumannii_ATCC17978,NC_009085.1,686393,687431,ISAba12,insertion_sequence,95.28
A_baumannii_ATCC17978,NC_009085.1,781044,782352,ISAba18,insertion_sequence,100.0
A_baumannii_ATCC17978,NC_009085.1,797372,798348,ISVsa3,insertion_sequence,87.0
A_baumannii_ATCC17978,NC_009085.1,799737,800916,ISAba1,insertion_sequence,83.14
A_baumannii_ATCC17978,NC_009085.1,1368741,1369779,ISAba53,insertion_sequence,99.81
S_maltophilia_K279a,NC_010943.1,25889,27116,ISStma5,insertion_sequence,100.0
S_maltophilia_K279a,NC_010943.1,369152,370244,ISStma6,insertion_sequence,99.73
S_maltophilia_K279a,NC_010943.1,478222,479314,ISStma6,insertion_sequence,100.0
S_maltophilia_K279a,NC_010943.1,502982,504215,ISStma9,insertion_sequence,100.0
S_maltophilia_K279a,NC_010943.1,525904,526926,ISStma1,insertion_sequence,100.0
S_maltophilia_K279a,NC_010943.1,572126,573148,ISStma1,insertion_sequence,100.0
S_maltophilia_K279a,NC_010943.1,686494,687716,ISStma7,insertion_sequence,100.0
S_maltophilia_K279a,NC_010943.1,729586,730808,ISStma7,insertion_sequence,99.92
S_maltophilia_K279a,NC_010943.1,850133,851560,ISStma2,insertion_sequence,95.31
S_maltophilia_K279a,NC_010943.1,876156,877583,ISStma2,insertion_sequence,95.24
S_maltophilia_K279a,NC_010943.1,1142866,1144088,ISStma7,insertion_sequence,100.0
S_maltophilia_K279a,NC_010943.1,1355483,1356588,ISStma10,insertion_sequence,100.0
S_maltophilia_K279a,NC_010943.1,1722537,1723770,ISStma9,insertion_sequence,100.0
S_maltophilia_K279a,NC_010943.1,1775281,1776503,ISStma7,insertion_sequence,99.92
S_maltophilia_K279a,NC_010943.1,1896383,1897616,ISStma9,insertion_sequence,100.0
S_maltophilia_K279a,NC_010943.1,2292847,2294069,ISStma7,insertion_sequence,99.84
S_maltophilia_K279a,NC_010943.1,2334001,2335428,ISStma2,insertion_sequence,95.31
S_maltophilia_K279a,NC_010943.1,2371427,2372519,ISStma6,insertion_sequence,99.91
S_maltophilia_K279a,NC_010943.1,2394153,2395245,ISStma6,insertion_sequence,99.91
S_maltophilia_K279a,NC_010943.1,2402104,2403126,ISStma1,insertion_sequence,99.9
S_maltophilia_K279a,NC_010943.1,2442023,2443272,ISStma15,insertion_sequence,81.2
S_maltophilia_K279a,NC_010943.1,2442952,2447572,ISStma11,insertion_sequence,100.0
S_maltophilia_K279a,NC_010943.1,2448133,2449348,ISStma13,insertion_sequence,100.0
S_maltophilia_K279a,NC_010943.1,2507588,2508815,ISStma5,insertion_sequence,99.67
S_maltophilia_K279a,NC_010943.1,2519852,2521085,ISStma9,insertion_sequence,100.0
S_maltophilia_K279a,NC_010943.1,2756141,2757233,ISStma6,insertion_sequence,99.73
S_maltophilia_K279a,NC_010943.1,3087773,3089003,ISStma14,insertion_sequence,100.0
S_maltophilia_K279a,NC_010943.1,3122578,3123805,ISStma5,insertion_sequence,91.86
S_maltophilia_K279a,NC_010943.1,3595095,3596522,ISStma2,insertion_sequence,95.38
S_maltophilia_K279a,NC_010943.1,3623365,3624587,ISStma7,insertion_sequence,99.92
S_maltophilia_K279a,NC_010943.1,4036817,4037839,ISStma1,insertion_sequence,100.0
S_maltophilia_K279a,NC_010943.1,4481864,4482886,ISStma12,insertion_sequence,100.0
H_pylori_26695,NC_000915.1,454241,456127,IS605,insertion_sequence,92.37
H_pylori_26695,NC_000915.1,1050963,1052849,IS605,insertion_sequence,92.42
H_pylori_26695,NC_000915.1,1060308,1062194,IS605,insertion_sequence,92.37
H_pylori_26695,NC_000915.1,1156708,1158594,IS605,insertion_sequence,92.32
H_pylori_26695,NC_000915.1,1612985,1614871,IS605,insertion_sequence,92.42
B_fragilis_NCTC9343,NC_003228.3,1795166,1797952,ISBf1,insertion_sequence,93.54
B_fragilis_NCTC9343,NC_003228.3,4759466,4762009,ISBf2,insertion_sequence,97.33
B_fragilis_NCTC9343,NC_003228.3,4763811,4765640,ISBf5,insertion_sequence,99.78
V_cholerae_N16961,NC_002505.1,260620,261945,IS1358,insertion_sequence,96.15
V_cholerae_N16961,NC_002505.1,262290,263547,ISVch4,insertion_sequence,100.0
V_cholerae_N16961,NC_002505.1,873209,874231,ISVch1,insertion_sequence,100.0
V_cholerae_N16961,NC_002505.1,935798,936417,IS1004,insertion_sequence,99.68
V_cholerae_N16961,NC_002505.1,1583133,1584390,ISVch4,insertion_sequence,95.07
V_cholerae_N16961,NC_002505.1,1937511,1938768,ISVch4,insertion_sequence,100.0
